time_period;economic_activity;establishment_size;number_of_establishments
2017;Printing and reproduction of recorded media;Less than 5 Employees;814.0
2017;Printing and reproduction of recorded media;20+  Employees;180.0
2017;Manufacture of coke and refined petroleum products;5 to 19 Employees;75.0
2017;Manufacture of chemicals and chemical products;Less than 5 Employees;374.0
2017;Manufacture of chemicals and chemical products;20+  Employees;560.0
2017;Manufacture of other non-metallic mineral products;20+  Employees;1203.0
2017;Manufacture of machinery and equipment n.e.c.;Less than 5 Employees;118.0
2017;Manufacture of other transport equipment;Total;51.0
2017;Manufacture of furniture;Total;9986.0
2017;Repair and installation of machinery and equipment;Total;12426.0
2017;Electricity, gas, steam and air conditioning supply;20+  Employees;267.0
2017;Water collection, treatment and supply;5 to 19 Employees;349.0
2017;Water collection, treatment and supply;Total;1991.0
2017;"Waste collection, treatment & disposal activities; materials recovery";20+  Employees;65.0
2017;Remediation activities and other waste management services;20+  Employees;10.0
2017;Construction of buildings;Less than 5 Employees;9882.0
2017;Construction of buildings;Total;21106.0
2017;Specialized construction activities;Total;11763.0
2017;Wholesale & retail trade and repair of motor vehicles & motorcycles;Total;95734.0
2017;Retail trade, except of motor vehicles and motorcycles;20+  Employees;2535.0
2017;Retail trade, except of motor vehicles and motorcycles;Total;340183.0
2017;Water transport;Total;338.0
2017;Postal and courier activities;5 to 19 Employees;117.0
2017;Accommodation;Less than 5 Employees;22937.0
2017;Motion picture, video & tv programme production, sound recording;Less than 5 Employees;140.0
2017;Programming and broadcasting activities;20+  Employees;13.0
2017;Programming and broadcasting activities;Total;437.0
2017;Telecommunications;Less than 5 Employees;2508.0
2017;Telecommunications;20+  Employees;281.0
2017;Information service activities;20+  Employees;28.0
2017;Information service activities;Total;363.0
2017;Real estate activities;Less than 5 Employees;32125.0
2017;Real estate activities;5 to 19 Employees;2272.0
2017;Legal and accounting activities;Less than 5 Employees;1161.0
2017;Legal and accounting activities;5 to 19 Employees;571.0
2017;"Architectural and engineering activities; technical testing & analysis";20+  Employees;338.0
2017;Advertising and market research;Less than 5 Employees;2274.0
2017;Other professional, scientific and technical activities;20+  Employees;33.0
2017;Employment activities;5 to 19 Employees;726.0
2017;Travel agency, tour operator, reservation service & related activities;Less than 5 Employees;2002.0
2017;Education;Less than 5 Employees;2480.0
2017;Human health activities;Total;4160.0
2017;Residential care activities;20+  Employees;20.0
2017;Social work activities without accommodation;5 to 19 Employees;741.0
2017;Social work activities without accommodation;20+  Employees;147.0
2017;Creative, arts and entertainment activities;20+  Employees;14.0
2017;Activities of membership organizations;Total;2600.0
2017;Other personal service activities;5 to 19 Employees;3332.0
2017;Other personal service activities;Total;62419.0
2017;Crop and animal production, hunting and related service activities;20+  Employees;437.0
2017;Forestry and logging;5 to 19 Employees;39.0
2017;Fishing and aquaculture;20+  Employees;12.0
2017;Mining of coal and lignite;5 to 19 Employees;0.0
2017;Extraction of crude petroleum and natural gas;Total;72.0
2017;Mining of metal ores;Total;51.0
2017;Mining support service activities;Less than 5 Employees;20.0
2017;Manufacture of beverages;5 to 19 Employees;244.0
2017;Manufacture of textiles;Total;2387.0
2017;Manufacture of wearing apparel;20+  Employees;122.0
2017;Manufacture of wearing apparel;Total;32951.0
2017;Manufacture of wood and of products of wood and cork;20+  Employees;152.0
2017;Manufacture of paper and paper products;20+  Employees;129.0
2017;Crop and animal production, hunting and related service activities;Less than 5 Employees;83493.0
2017;Crop and animal production, hunting and related service activities;5 to 19 Employees;5195.0
2017;Fishing and aquaculture;Less than 5 Employees;50.0
2017;Fishing and aquaculture;5 to 19 Employees;13.0
2017;Mining of coal and lignite;Total;7.0
2017;Mining of metal ores;20+  Employees;26.0
2017;Other mining and quarrying;Less than 5 Employees;32.0
2017;Other mining and quarrying;20+  Employees;148.0
2017;Manufacture of food products;5 to 19 Employees;1593.0
2017;Manufacture of beverages;Total;1019.0
2017;Manufacture of tobacco products;Less than 5 Employees;74.0
2017;Manufacture of textiles;Less than 5 Employees;2012.0
2017;Manufacture of leather and related products;20+  Employees;18.0
2017;Printing and reproduction of recorded media;5 to 19 Employees;434.0
2017;Manufacture of products and preparations pharmaceutical;Total;99.0
2017;Manufacture of rubber and plastics products;Total;788.0
2017;Manufacture of basic metals;Total;606.0
2017;Manufacture of fabricated metal products;5 to 19 Employees;5326.0
2017;Manufacture of electrical equipment;20+  Employees;196.0
2017;Manufacture of electrical equipment;Total;619.0
2017;Manufacture of motor vehicles, trailers and semi-trailers;Less than 5 Employees;89.0
2017;Other manufacturing;20+  Employees;65.0
2017;Sewerage;20+  Employees;54.0
2017;Sewerage;Total;140.0
2017;"Waste collection, treatment & disposal activities; materials recovery";5 to 19 Employees;122.0
2017;"Waste collection, treatment & disposal activities; materials recovery";Total;295.0
2017;Construction of buildings;20+  Employees;3916.0
2017;Civil engineering;20+  Employees;542.0
2017;Civil engineering;Total;1253.0
2017;Wholesale trade, except of motor vehicles and motorcycles;Total;36327.0
2017;Land transport and transport via pipelines;20+  Employees;756.0
2017;Warehousing and support activities for transportation;5 to 19 Employees;3695.0
2017;Accommodation;5 to 19 Employees;4280.0
2017;Computer programming, consultancy and related activities;Less than 5 Employees;243.0
2017;Financial service activities, except insurance and pension funding;Total;4837.0
2017;Activities auxiliary to financial service and insurance activities;Less than 5 Employees;167.0
2017;Activities auxiliary to financial service and insurance activities;20+  Employees;27.0
2017;Real estate activities;Total;34762.0
2017;Legal and accounting activities;20+  Employees;73.0
2017;"Architectural and engineering activities; technical testing & analysis";Less than 5 Employees;859.0
2017;"Architectural and engineering activities; technical testing & analysis";Total;2348.0
2017;Scientific research and development;20+  Employees;6.0
2017;Scientific research and development;Total;21.0
2017;Other professional, scientific and technical activities;5 to 19 Employees;379.0
2017;Veterinary activities;20+  Employees;1.0
2017;Rental and leasing activities;Less than 5 Employees;7174.0
2017;Employment activities;Less than 5 Employees;3711.0
2017;Travel agency, tour operator, reservation service & related activities;Total;3188.0
2017;Security and investigation activities;Less than 5 Employees;224.0
2017;Security and investigation activities;Total;666.0
2017;Services to buildings and landscape activities;Less than 5 Employees;742.0
2017;Services to buildings and landscape activities;5 to 19 Employees;645.0
2017;Office administrative, office support & other business support act's;20+  Employees;96.0
2017;Office administrative, office support & other business support act's;Total;2801.0
2017;Education;5 to 19 Employees;3594.0
2017;Residential care activities;Less than 5 Employees;29.0
2017;Residential care activities;5 to 19 Employees;27.0
2017;Social work activities without accommodation;Less than 5 Employees;714.0
2017;Sports activities and amusement and recreation activities;Total;1945.0
2017;Repair of computers and personal and household goods;Less than 5 Employees;13222.0
2017;Repair of computers and personal and household goods;20+  Employees;88.0
2017;Other personal service activities;20+  Employees;108.0
2017;Total;20+  Employees;31623.0
2017;Forestry and logging;Total;652.0
2017;Mining of coal and lignite;Less than 5 Employees;7.0
2017;Mining of coal and lignite;20+  Employees;0.0
2017;Extraction of crude petroleum and natural gas;20+  Employees;49.0
2017;Mining support service activities;5 to 19 Employees;50.0
2017;Mining support service activities;20+  Employees;90.0
2017;Manufacture of wearing apparel;Less than 5 Employees;30677.0
2017;Manufacture of wood and of products of wood and cork;Less than 5 Employees;3347.0
2017;Manufacture of coke and refined petroleum products;20+  Employees;27.0
2017;Manufacture of coke and refined petroleum products;Total;136.0
2017;Manufacture of products and preparations pharmaceutical;20+  Employees;53.0
2017;Manufacture of rubber and plastics products;Less than 5 Employees;219.0
2017;Manufacture of other non-metallic mineral products;Total;4674.0
2017;Manufacture of motor vehicles, trailers and semi-trailers;5 to 19 Employees;168.0
2017;Manufacture of motor vehicles, trailers and semi-trailers;20+  Employees;80.0
2017;Manufacture of furniture;Less than 5 Employees;7431.0
2017;Other manufacturing;Less than 5 Employees;362.0
2017;Other manufacturing;Total;516.0
2017;Repair and installation of machinery and equipment;Less than 5 Employees;11540.0
2017;Water collection, treatment and supply;20+  Employees;138.0
2017;Sewerage;Less than 5 Employees;44.0
2017;Specialized construction activities;Less than 5 Employees;7527.0
2017;Specialized construction activities;5 to 19 Employees;3417.0
2017;Specialized construction activities;20+  Employees;819.0
2017;Wholesale & retail trade and repair of motor vehicles & motorcycles;Less than 5 Employees;79404.0
2017;Wholesale & retail trade and repair of motor vehicles & motorcycles;20+  Employees;1276.0
2017;Wholesale trade, except of motor vehicles and motorcycles;5 to 19 Employees;7746.0
2017;Warehousing and support activities for transportation;Total;12019.0
2017;Postal and courier activities;Total;438.0
2017;Accommodation;20+  Employees;653.0
2017;Accommodation;Total;27870.0
2017;Food and beverage service activities;5 to 19 Employees;17617.0
2017;Publishing activities;Less than 5 Employees;497.0
2017;Publishing activities;Total;824.0
2017;Programming and broadcasting activities;5 to 19 Employees;40.0
2017;Telecommunications;5 to 19 Employees;564.0
2017;Telecommunications;Total;3353.0
2017;Computer programming, consultancy and related activities;Total;562.0
2017;Insurance, reinsurance and pension funding;Less than 5 Employees;789.0
2017;Insurance, reinsurance and pension funding;20+  Employees;184.0
2017;Insurance, reinsurance and pension funding;Total;1266.0
2017;Activities auxiliary to financial service and insurance activities;5 to 19 Employees;340.0
2017;"Activities of head offices; management consultancy activities";5 to 19 Employees;209.0
2017;Scientific research and development;Less than 5 Employees;9.0
2017;Veterinary activities;5 to 19 Employees;25.0
2017;Veterinary activities;Total;635.0
2017;Rental and leasing activities;5 to 19 Employees;1155.0
2017;Office administrative, office support & other business support act's;5 to 19 Employees;487.0
2017;Education;Total;9327.0
2017;Human health activities;Less than 5 Employees;571.0
2017;Social work activities without accommodation;Total;1602.0
2017;Creative, arts and entertainment activities;Less than 5 Employees;220.0
2017;Libraries, archives, museums and other cultural activities;Less than 5 Employees;128.0
2017;Libraries, archives, museums and other cultural activities;5 to 19 Employees;41.0
2017;Libraries, archives, museums and other cultural activities;Total;181.0
2017;Sports activities and amusement and recreation activities;Less than 5 Employees;1259.0
2017;Sports activities and amusement and recreation activities;20+  Employees;152.0
2017;Activities of membership organizations;5 to 19 Employees;853.0
2017;Activities of membership organizations;20+  Employees;175.0
2017;Repair of computers and personal and household goods;5 to 19 Employees;575.0
2017;Repair of computers and personal and household goods;Total;13885.0
2017;Total;Less than 5 Employees;838062.0
2017;Forestry and logging;Less than 5 Employees;611.0
2017;Other mining and quarrying;5 to 19 Employees;219.0
2017;Manufacture of leather and related products;5 to 19 Employees;17.0
2017;Manufacture of paper and paper products;5 to 19 Employees;132.0
2017;Manufacture of rubber and plastics products;5 to 19 Employees;319.0
2017;Manufacture of rubber and plastics products;20+  Employees;250.0
2017;Manufacture of other non-metallic mineral products;5 to 19 Employees;1699.0
2017;Manufacture of fabricated metal products;Less than 5 Employees;15180.0
2017;Manufacture of fabricated metal products;Total;21269.0
2017;Manufacture of computer, electronic and optical products;20+  Employees;35.0
2017;Manufacture of electrical equipment;5 to 19 Employees;102.0
2017;Forestry and logging;20+  Employees;2.0
2017;Extraction of crude petroleum and natural gas;5 to 19 Employees;14.0
2017;Other mining and quarrying;Total;399.0
2017;Mining support service activities;Total;160.0
2017;Manufacture of food products;20+  Employees;697.0
2017;Manufacture of food products;Total;11891.0
2017;Manufacture of beverages;20+  Employees;140.0
2017;Manufacture of textiles;5 to 19 Employees;279.0
2017;Manufacture of wearing apparel;5 to 19 Employees;2152.0
2017;Manufacture of leather and related products;Total;147.0
2017;Manufacture of paper and paper products;Less than 5 Employees;94.0
2017;Manufacture of paper and paper products;Total;355.0
2017;Printing and reproduction of recorded media;Total;1428.0
2017;Manufacture of chemicals and chemical products;5 to 19 Employees;591.0
2017;Manufacture of chemicals and chemical products;Total;1525.0
2017;Manufacture of products and preparations pharmaceutical;Less than 5 Employees;26.0
2017;Manufacture of basic metals;20+  Employees;291.0
2017;Manufacture of machinery and equipment n.e.c.;5 to 19 Employees;137.0
2017;Manufacture of machinery and equipment n.e.c.;20+  Employees;123.0
2017;Manufacture of other transport equipment;5 to 19 Employees;14.0
2017;Manufacture of furniture;5 to 19 Employees;2188.0
2017;Manufacture of furniture;20+  Employees;367.0
2017;Other manufacturing;5 to 19 Employees;89.0
2017;Repair and installation of machinery and equipment;20+  Employees;194.0
2017;Electricity, gas, steam and air conditioning supply;5 to 19 Employees;162.0
2017;Water collection, treatment and supply;Less than 5 Employees;1504.0
2017;Sewerage;5 to 19 Employees;42.0
2017;"Waste collection, treatment & disposal activities; materials recovery";Less than 5 Employees;108.0
2017;Remediation activities and other waste management services;Total;19.0
2017;Construction of buildings;5 to 19 Employees;7308.0
2017;Civil engineering;Less than 5 Employees;216.0
2017;Wholesale & retail trade and repair of motor vehicles & motorcycles;5 to 19 Employees;15054.0
2017;Wholesale trade, except of motor vehicles and motorcycles;Less than 5 Employees;26898.0
2017;Wholesale trade, except of motor vehicles and motorcycles;20+  Employees;1683.0
2017;Retail trade, except of motor vehicles and motorcycles;5 to 19 Employees;26005.0
2017;Land transport and transport via pipelines;5 to 19 Employees;1200.0
2017;Land transport and transport via pipelines;Total;3418.0
2017;Water transport;20+  Employees;189.0
2017;Air transport;Total;479.0
2017;Food and beverage service activities;Less than 5 Employees;56193.0
2017;Food and beverage service activities;20+  Employees;2161.0
2017;Publishing activities;5 to 19 Employees;245.0
2017;Motion picture, video & tv programme production, sound recording;5 to 19 Employees;49.0
2017;Motion picture, video & tv programme production, sound recording;20+  Employees;16.0
2017;Programming and broadcasting activities;Less than 5 Employees;384.0
2017;Computer programming, consultancy and related activities;5 to 19 Employees;233.0
2017;Computer programming, consultancy and related activities;20+  Employees;86.0
2017;Information service activities;5 to 19 Employees;100.0
2017;Insurance, reinsurance and pension funding;5 to 19 Employees;293.0
2017;Activities auxiliary to financial service and insurance activities;Total;534.0
2017;"Activities of head offices; management consultancy activities";Less than 5 Employees;149.0
2017;"Activities of head offices; management consultancy activities";20+  Employees;56.0
2017;"Architectural and engineering activities; technical testing & analysis";5 to 19 Employees;1151.0
2017;Other professional, scientific and technical activities;Less than 5 Employees;3375.0
2017;Employment activities;20+  Employees;75.0
2017;Employment activities;Total;4512.0
2017;Security and investigation activities;5 to 19 Employees;228.0
2017;Security and investigation activities;20+  Employees;214.0
2017;Services to buildings and landscape activities;20+  Employees;291.0
2017;Services to buildings and landscape activities;Total;1678.0
2017;Residential care activities;Total;76.0
2017;Libraries, archives, museums and other cultural activities;20+  Employees;12.0
2017;Sports activities and amusement and recreation activities;5 to 19 Employees;534.0
2017;Activities of membership organizations;Less than 5 Employees;1572.0
2017;Total;5 to 19 Employees;137588.0
2017;Crop and animal production, hunting and related service activities;Total;89125.0
2017;Fishing and aquaculture;Total;75.0
2017;Extraction of crude petroleum and natural gas;Less than 5 Employees;9.0
2017;Mining of metal ores;Less than 5 Employees;10.0
2017;Mining of metal ores;5 to 19 Employees;15.0
2017;Manufacture of food products;Less than 5 Employees;9601.0
2017;Manufacture of beverages;Less than 5 Employees;635.0
2017;Manufacture of tobacco products;5 to 19 Employees;10.0
2017;Manufacture of tobacco products;20+  Employees;1.0
2017;Manufacture of tobacco products;Total;85.0
2017;Manufacture of textiles;20+  Employees;96.0
2017;Manufacture of leather and related products;Less than 5 Employees;112.0
2017;Manufacture of wood and of products of wood and cork;5 to 19 Employees;1492.0
2017;Manufacture of wood and of products of wood and cork;Total;4991.0
2017;Manufacture of coke and refined petroleum products;Less than 5 Employees;34.0
2017;Manufacture of products and preparations pharmaceutical;5 to 19 Employees;20.0
2017;Manufacture of other non-metallic mineral products;Less than 5 Employees;1772.0
2017;Manufacture of basic metals;Less than 5 Employees;112.0
2017;Manufacture of basic metals;5 to 19 Employees;203.0
2017;Manufacture of fabricated metal products;20+  Employees;763.0
2017;Manufacture of computer, electronic and optical products;Less than 5 Employees;69.0
2017;Manufacture of computer, electronic and optical products;5 to 19 Employees;46.0
2017;Manufacture of computer, electronic and optical products;Total;150.0
2017;Manufacture of electrical equipment;Less than 5 Employees;321.0
2017;Manufacture of machinery and equipment n.e.c.;Total;378.0
2017;Manufacture of motor vehicles, trailers and semi-trailers;Total;337.0
2017;Manufacture of other transport equipment;Less than 5 Employees;26.0
2017;Manufacture of other transport equipment;20+  Employees;11.0
2017;Repair and installation of machinery and equipment;5 to 19 Employees;692.0
2017;Electricity, gas, steam and air conditioning supply;Less than 5 Employees;360.0
2017;Electricity, gas, steam and air conditioning supply;Total;789.0
2017;Remediation activities and other waste management services;Less than 5 Employees;5.0
2017;Remediation activities and other waste management services;5 to 19 Employees;4.0
2017;Civil engineering;5 to 19 Employees;495.0
2017;Retail trade, except of motor vehicles and motorcycles;Less than 5 Employees;311643.0
2017;Land transport and transport via pipelines;Less than 5 Employees;1462.0
2017;Water transport;Less than 5 Employees;66.0
2017;Water transport;5 to 19 Employees;83.0
2017;Air transport;Less than 5 Employees;300.0
2017;Air transport;5 to 19 Employees;140.0
2017;Air transport;20+  Employees;39.0
2017;Warehousing and support activities for transportation;Less than 5 Employees;7518.0
2017;Warehousing and support activities for transportation;20+  Employees;806.0
2017;Postal and courier activities;Less than 5 Employees;283.0
2017;Postal and courier activities;20+  Employees;38.0
2017;Food and beverage service activities;Total;75971.0
2017;Publishing activities;20+  Employees;82.0
2017;Motion picture, video & tv programme production, sound recording;Total;205.0
2017;Information service activities;Less than 5 Employees;235.0
2017;Financial service activities, except insurance and pension funding;Less than 5 Employees;1672.0
2017;Financial service activities, except insurance and pension funding;5 to 19 Employees;2584.0
2017;Financial service activities, except insurance and pension funding;20+  Employees;581.0
2017;Real estate activities;20+  Employees;365.0
2017;Legal and accounting activities;Total;1805.0
2017;"Activities of head offices; management consultancy activities";Total;414.0
2017;Scientific research and development;5 to 19 Employees;6.0
2017;Advertising and market research;5 to 19 Employees;1229.0
2017;Advertising and market research;20+  Employees;178.0
2017;Advertising and market research;Total;3681.0
2017;Other professional, scientific and technical activities;Total;3787.0
2017;Veterinary activities;Less than 5 Employees;609.0
2017;Rental and leasing activities;20+  Employees;279.0
2017;Rental and leasing activities;Total;8608.0
2017;Travel agency, tour operator, reservation service & related activities;5 to 19 Employees;1048.0
2017;Travel agency, tour operator, reservation service & related activities;20+  Employees;138.0
2017;Office administrative, office support & other business support act's;Less than 5 Employees;2218.0
2017;Education;20+  Employees;3253.0
2017;Human health activities;5 to 19 Employees;1840.0
2017;Human health activities;20+  Employees;1749.0
2017;Creative, arts and entertainment activities;5 to 19 Employees;69.0
2017;Creative, arts and entertainment activities;Total;303.0
2017;Other personal service activities;Less than 5 Employees;58979.0
2017;Total;Total;1007273.0
2016;Forestry and logging;20+  Employees;1.0
2016;Forestry and logging;Total;633.0
2016;Mining of coal and lignite;Less than 5 Employees;7.0
2016;Extraction of crude petroleum and natural gas;Total;72.0
2016;Mining of metal ores;Less than 5 Employees;10.0
2016;Mining support service activities;20+  Employees;85.0
2016;Manufacture of food products;Less than 5 Employees;9528.0
2016;Manufacture of food products;Total;11804.0
2016;Manufacture of textiles;20+  Employees;94.0
2016;Manufacture of wearing apparel;Total;32650.0
2016;Manufacture of leather and related products;20+  Employees;17.0
2016;Manufacture of leather and related products;Total;141.0
2016;Manufacture of wood and of products of wood and cork;Less than 5 Employees;3347.0
2016;Manufacture of paper and paper products;20+  Employees;127.0
2016;Manufacture of coke and refined petroleum products;Less than 5 Employees;32.0
2016;Manufacture of products and preparations pharmaceutical;Less than 5 Employees;24.0
2016;Manufacture of products and preparations pharmaceutical;5 to 19 Employees;18.0
2016;Manufacture of other non-metallic mineral products;20+  Employees;1191.0
2016;Manufacture of other non-metallic mineral products;Total;4638.0
2016;Manufacture of basic metals;Less than 5 Employees;112.0
2016;Manufacture of basic metals;20+  Employees;288.0
2016;Manufacture of fabricated metal products;Total;21126.0
2016;Manufacture of computer, electronic and optical products;Total;141.0
2016;Manufacture of machinery and equipment n.e.c.;5 to 19 Employees;135.0
2016;Manufacture of motor vehicles, trailers and semi-trailers;Less than 5 Employees;87.0
2016;Manufacture of other transport equipment;Less than 5 Employees;24.0
2016;Manufacture of other transport equipment;Total;46.0
2016;Other manufacturing;5 to 19 Employees;87.0
2016;Other manufacturing;Total;510.0
2016;Repair and installation of machinery and equipment;20+  Employees;191.0
2016;Water collection, treatment and supply;20+  Employees;137.0
2016;Sewerage;Total;135.0
2016;"Waste collection, treatment & disposal activities; materials recovery";Total;290.0
2016;Construction of buildings;Less than 5 Employees;9820.0
2016;Construction of buildings;20+  Employees;3903.0
2016;Construction of buildings;Total;20985.0
2016;Civil engineering;5 to 19 Employees;490.0
2016;Civil engineering;Total;1244.0
2016;Specialized construction activities;Less than 5 Employees;7491.0
2016;Specialized construction activities;20+  Employees;812.0
2016;Wholesale & retail trade and repair of motor vehicles & motorcycles;Less than 5 Employees;79289.0
2016;Wholesale & retail trade and repair of motor vehicles & motorcycles;Total;95529.0
2016;Wholesale trade, except of motor vehicles and motorcycles;Less than 5 Employees;26692.0
2016;Retail trade, except of motor vehicles and motorcycles;5 to 19 Employees;25929.0
2016;Land transport and transport via pipelines;20+  Employees;755.0
2016;Land transport and transport via pipelines;Total;3410.0
2016;Water transport;Less than 5 Employees;66.0
2016;Water transport;5 to 19 Employees;83.0
2016;Water transport;20+  Employees;189.0
2016;Air transport;20+  Employees;39.0
2016;Warehousing and support activities for transportation;5 to 19 Employees;3683.0
2016;Postal and courier activities;Less than 5 Employees;281.0
2016;Food and beverage service activities;Less than 5 Employees;55826.0
2016;Food and beverage service activities;Total;75477.0
2016;Publishing activities;20+  Employees;81.0
2016;Telecommunications;Total;3346.0
2016;Computer programming, consultancy and related activities;5 to 19 Employees;229.0
2016;Financial service activities, except insurance and pension funding;Total;4802.0
2016;Activities auxiliary to financial service and insurance activities;Less than 5 Employees;166.0
2016;Legal and accounting activities;Total;1794.0
2016;"Activities of head offices; management consultancy activities";5 to 19 Employees;209.0
2016;"Architectural and engineering activities; technical testing & analysis";5 to 19 Employees;1145.0
2016;Education;Less than 5 Employees;2474.0
2016;Human health activities;Total;4150.0
2016;Residential care activities;Less than 5 Employees;23.0
2016;Libraries, archives, museums and other cultural activities;20+  Employees;11.0
2016;Sports activities and amusement and recreation activities;Total;1929.0
2016;Activities of membership organizations;5 to 19 Employees;845.0
2016;Repair of computers and personal and household goods;5 to 19 Employees;574.0
2016;Other personal service activities;5 to 19 Employees;3313.0
2016;Insurance, reinsurance and pension funding;Total;1255.0
2016;Real estate activities;Total;34603.0
2016;"Architectural and engineering activities; technical testing & analysis";Total;2336.0
2016;Scientific research and development;5 to 19 Employees;5.0
2016;Travel agency, tour operator, reservation service & related activities;20+  Employees;137.0
2016;Security and investigation activities;5 to 19 Employees;228.0
2016;Security and investigation activities;20+  Employees;213.0
2016;Office administrative, office support & other business support act's;Total;2780.0
2016;Fishing and aquaculture;Less than 5 Employees;47.0
2016;Other mining and quarrying;Less than 5 Employees;30.0
2016;Manufacture of food products;5 to 19 Employees;1583.0
2016;Manufacture of tobacco products;Less than 5 Employees;71.0
2016;Manufacture of tobacco products;5 to 19 Employees;8.0
2016;Manufacture of tobacco products;20+  Employees;1.0
2016;Manufacture of tobacco products;Total;80.0
2016;Manufacture of wearing apparel;5 to 19 Employees;2133.0
2016;Manufacture of wood and of products of wood and cork;20+  Employees;151.0
2016;Manufacture of wood and of products of wood and cork;Total;4985.0
2016;Manufacture of paper and paper products;5 to 19 Employees;128.0
2016;Printing and reproduction of recorded media;5 to 19 Employees;430.0
2016;Manufacture of coke and refined petroleum products;20+  Employees;26.0
2016;Manufacture of chemicals and chemical products;Total;1514.0
2016;Manufacture of rubber and plastics products;5 to 19 Employees;318.0
2016;Manufacture of motor vehicles, trailers and semi-trailers;5 to 19 Employees;164.0
2016;Manufacture of other transport equipment;5 to 19 Employees;12.0
2016;Manufacture of furniture;5 to 19 Employees;2183.0
2016;Repair and installation of machinery and equipment;5 to 19 Employees;688.0
2016;Electricity, gas, steam and air conditioning supply;5 to 19 Employees;159.0
2016;Electricity, gas, steam and air conditioning supply;20+  Employees;266.0
2016;Water collection, treatment and supply;Less than 5 Employees;1492.0
2016;Water collection, treatment and supply;5 to 19 Employees;347.0
2016;Construction of buildings;5 to 19 Employees;7262.0
2016;Civil engineering;Less than 5 Employees;214.0
2016;Retail trade, except of motor vehicles and motorcycles;Less than 5 Employees;311208.0
2016;Land transport and transport via pipelines;5 to 19 Employees;1197.0
2016;Air transport;Less than 5 Employees;298.0
2016;Warehousing and support activities for transportation;Total;11971.0
2016;Publishing activities;5 to 19 Employees;245.0
2016;Programming and broadcasting activities;Total;330.0
2016;Information service activities;20+  Employees;27.0
2016;Information service activities;Total;359.0
2016;Financial service activities, except insurance and pension funding;20+  Employees;579.0
2016;Activities auxiliary to financial service and insurance activities;5 to 19 Employees;339.0
2016;Activities auxiliary to financial service and insurance activities;Total;532.0
2016;"Activities of head offices; management consultancy activities";Less than 5 Employees;148.0
2016;Scientific research and development;Less than 5 Employees;8.0
2016;Scientific research and development;Total;19.0
2016;Advertising and market research;Less than 5 Employees;2270.0
2016;Other professional, scientific and technical activities;Less than 5 Employees;3370.0
2016;Other professional, scientific and technical activities;5 to 19 Employees;377.0
2016;Veterinary activities;5 to 19 Employees;24.0
2016;Veterinary activities;Total;630.0
2016;Rental and leasing activities;Less than 5 Employees;7151.0
2016;Rental and leasing activities;20+  Employees;277.0
2016;Employment activities;Less than 5 Employees;3684.0
2016;Employment activities;5 to 19 Employees;722.0
2016;Travel agency, tour operator, reservation service & related activities;Less than 5 Employees;1999.0
2016;Travel agency, tour operator, reservation service & related activities;Total;3178.0
2016;Services to buildings and landscape activities;Total;1671.0
2016;Education;Total;9298.0
2016;Human health activities;20+  Employees;1746.0
2016;Social work activities without accommodation;5 to 19 Employees;734.0
2016;Social work activities without accommodation;20+  Employees;146.0
2016;Social work activities without accommodation;Total;1587.0
2016;Libraries, archives, museums and other cultural activities;Less than 5 Employees;127.0
2016;Activities of membership organizations;Less than 5 Employees;1561.0
2016;Total;20+  Employees;31425.0
2016;Crop and animal production, hunting and related service activities;Less than 5 Employees;83430.0
2016;Crop and animal production, hunting and related service activities;5 to 19 Employees;5145.0
2016;Fishing and aquaculture;5 to 19 Employees;11.0
2016;Mining of coal and lignite;5 to 19 Employees;0.0
2016;Mining of coal and lignite;20+  Employees;0.0
2016;Mining of coal and lignite;Total;7.0
2016;Extraction of crude petroleum and natural gas;5 to 19 Employees;14.0
2016;Extraction of crude petroleum and natural gas;20+  Employees;49.0
2016;Other mining and quarrying;20+  Employees;140.0
2016;Other mining and quarrying;Total;385.0
2016;Mining support service activities;5 to 19 Employees;46.0
2016;Manufacture of food products;20+  Employees;693.0
2016;Manufacture of wearing apparel;Less than 5 Employees;30396.0
2016;Manufacture of wood and of products of wood and cork;5 to 19 Employees;1487.0
2016;Manufacture of paper and paper products;Less than 5 Employees;90.0
2016;Printing and reproduction of recorded media;20+  Employees;179.0
2016;Manufacture of products and preparations pharmaceutical;20+  Employees;52.0
2016;Manufacture of products and preparations pharmaceutical;Total;94.0
2016;Manufacture of other non-metallic mineral products;5 to 19 Employees;1683.0
2016;Manufacture of fabricated metal products;20+  Employees;756.0
2016;Manufacture of computer, electronic and optical products;20+  Employees;33.0
2016;Manufacture of electrical equipment;Less than 5 Employees;318.0
2016;Manufacture of electrical equipment;5 to 19 Employees;99.0
2016;Manufacture of machinery and equipment n.e.c.;Total;371.0
2016;Manufacture of motor vehicles, trailers and semi-trailers;Total;330.0
2016;Manufacture of furniture;Less than 5 Employees;7426.0
2016;Other manufacturing;Less than 5 Employees;359.0
2016;Remediation activities and other waste management services;5 to 19 Employees;4.0
2016;Remediation activities and other waste management services;Total;19.0
2016;Specialized construction activities;5 to 19 Employees;3394.0
2016;Specialized construction activities;Total;11697.0
2016;Wholesale & retail trade and repair of motor vehicles & motorcycles;5 to 19 Employees;14972.0
2016;Wholesale & retail trade and repair of motor vehicles & motorcycles;20+  Employees;1268.0
2016;Wholesale trade, except of motor vehicles and motorcycles;20+  Employees;1674.0
2016;Retail trade, except of motor vehicles and motorcycles;20+  Employees;2528.0
2016;Water transport;Total;338.0
2016;Air transport;Total;477.0
2016;Warehousing and support activities for transportation;20+  Employees;799.0
2016;Accommodation;Less than 5 Employees;22850.0
2016;Accommodation;5 to 19 Employees;4239.0
2016;Accommodation;Total;27737.0
2016;Motion picture, video & tv programme production, sound recording;5 to 19 Employees;48.0
2016;Programming and broadcasting activities;20+  Employees;13.0
2016;Telecommunications;Less than 5 Employees;2505.0
2016;Telecommunications;20+  Employees;281.0
2016;Computer programming, consultancy and related activities;Less than 5 Employees;235.0
2016;Computer programming, consultancy and related activities;Total;549.0
2016;Information service activities;5 to 19 Employees;99.0
2016;Financial service activities, except insurance and pension funding;5 to 19 Employees;2566.0
2016;Insurance, reinsurance and pension funding;5 to 19 Employees;288.0
2016;Insurance, reinsurance and pension funding;20+  Employees;183.0
2016;"Activities of head offices; management consultancy activities";20+  Employees;56.0
2016;Advertising and market research;20+  Employees;177.0
2016;Rental and leasing activities;5 to 19 Employees;1146.0
2016;Rental and leasing activities;Total;8574.0
2016;Employment activities;20+  Employees;74.0
2016;Human health activities;Less than 5 Employees;566.0
2016;Libraries, archives, museums and other cultural activities;5 to 19 Employees;36.0
2016;Repair of computers and personal and household goods;Total;13839.0
2016;Total;5 to 19 Employees;136835.0
2016;Forestry and logging;Less than 5 Employees;599.0
2016;Forestry and logging;5 to 19 Employees;33.0
2016;Fishing and aquaculture;20+  Employees;10.0
2016;Extraction of crude petroleum and natural gas;Less than 5 Employees;9.0
2016;Mining of metal ores;Total;51.0
2016;Mining support service activities;Less than 5 Employees;19.0
2016;Mining support service activities;Total;150.0
2016;Manufacture of beverages;Less than 5 Employees;630.0
2016;Manufacture of beverages;5 to 19 Employees;242.0
2016;Manufacture of beverages;Total;1011.0
2016;Manufacture of textiles;Less than 5 Employees;2004.0
2016;Manufacture of leather and related products;Less than 5 Employees;108.0
2016;Manufacture of leather and related products;5 to 19 Employees;16.0
2016;Manufacture of paper and paper products;Total;345.0
2016;Manufacture of chemicals and chemical products;5 to 19 Employees;585.0
2016;Manufacture of chemicals and chemical products;20+  Employees;558.0
2016;Manufacture of basic metals;5 to 19 Employees;202.0
2016;Manufacture of fabricated metal products;5 to 19 Employees;5320.0
2016;Manufacture of electrical equipment;Total;613.0
2016;Manufacture of motor vehicles, trailers and semi-trailers;20+  Employees;79.0
2016;Repair and installation of machinery and equipment;Total;12370.0
2016;Water collection, treatment and supply;Total;1976.0
2016;Sewerage;5 to 19 Employees;40.0
2016;Wholesale trade, except of motor vehicles and motorcycles;Total;36090.0
2016;Postal and courier activities;5 to 19 Employees;116.0
2016;Accommodation;20+  Employees;648.0
2016;Food and beverage service activities;20+  Employees;2148.0
2016;Publishing activities;Total;820.0
2016;Motion picture, video & tv programme production, sound recording;Less than 5 Employees;137.0
2016;Motion picture, video & tv programme production, sound recording;20+  Employees;15.0
2016;Motion picture, video & tv programme production, sound recording;Total;200.0
2016;Programming and broadcasting activities;Less than 5 Employees;279.0
2016;Programming and broadcasting activities;5 to 19 Employees;38.0
2016;Information service activities;Less than 5 Employees;233.0
2016;Activities auxiliary to financial service and insurance activities;20+  Employees;27.0
2016;Real estate activities;Less than 5 Employees;31971.0
2016;Real estate activities;5 to 19 Employees;2268.0
2016;Legal and accounting activities;Less than 5 Employees;1153.0
2016;Legal and accounting activities;5 to 19 Employees;568.0
2016;"Activities of head offices; management consultancy activities";Total;413.0
2016;"Architectural and engineering activities; technical testing & analysis";Less than 5 Employees;853.0
2016;"Architectural and engineering activities; technical testing & analysis";20+  Employees;338.0
2016;Scientific research and development;20+  Employees;6.0
2016;Advertising and market research;5 to 19 Employees;1224.0
2016;Advertising and market research;Total;3671.0
2016;Other professional, scientific and technical activities;20+  Employees;33.0
2016;Other professional, scientific and technical activities;Total;3780.0
2016;Veterinary activities;20+  Employees;1.0
2016;Employment activities;Total;4480.0
2016;Security and investigation activities;Total;663.0
2016;Office administrative, office support & other business support act's;Less than 5 Employees;2201.0
2016;Human health activities;5 to 19 Employees;1838.0
2016;Residential care activities;5 to 19 Employees;25.0
2016;Residential care activities;20+  Employees;19.0
2016;Residential care activities;Total;67.0
2016;Social work activities without accommodation;Less than 5 Employees;707.0
2016;Creative, arts and entertainment activities;Less than 5 Employees;218.0
2016;Creative, arts and entertainment activities;5 to 19 Employees;66.0
2016;Creative, arts and entertainment activities;20+  Employees;13.0
2016;Libraries, archives, museums and other cultural activities;Total;174.0
2016;Sports activities and amusement and recreation activities;Less than 5 Employees;1249.0
2016;Sports activities and amusement and recreation activities;5 to 19 Employees;529.0
2016;Sports activities and amusement and recreation activities;20+  Employees;151.0
2016;Activities of membership organizations;Total;2581.0
2016;Repair of computers and personal and household goods;Less than 5 Employees;13178.0
2016;Other personal service activities;Total;62372.0
2016;Total;Total;1003745.0
2016;Manufacture of rubber and plastics products;20+  Employees;250.0
2016;Manufacture of rubber and plastics products;Total;785.0
2016;Manufacture of fabricated metal products;Less than 5 Employees;15050.0
2016;Manufacture of computer, electronic and optical products;Less than 5 Employees;65.0
2016;Manufacture of machinery and equipment n.e.c.;20+  Employees;122.0
2016;Manufacture of other transport equipment;20+  Employees;10.0
2016;Manufacture of furniture;Total;9975.0
2016;Other manufacturing;20+  Employees;64.0
2016;Repair and installation of machinery and equipment;Less than 5 Employees;11491.0
2016;Electricity, gas, steam and air conditioning supply;Less than 5 Employees;354.0
2016;Sewerage;Less than 5 Employees;41.0
2016;"Waste collection, treatment & disposal activities; materials recovery";Less than 5 Employees;106.0
2016;"Waste collection, treatment & disposal activities; materials recovery";5 to 19 Employees;119.0
2016;"Waste collection, treatment & disposal activities; materials recovery";20+  Employees;65.0
2016;Civil engineering;20+  Employees;540.0
2016;Crop and animal production, hunting and related service activities;20+  Employees;426.0
2016;Crop and animal production, hunting and related service activities;Total;89001.0
2016;Fishing and aquaculture;Total;68.0
2016;Mining of metal ores;5 to 19 Employees;15.0
2016;Mining of metal ores;20+  Employees;26.0
2016;Other mining and quarrying;5 to 19 Employees;215.0
2016;Manufacture of beverages;20+  Employees;139.0
2016;Manufacture of textiles;5 to 19 Employees;272.0
2016;Manufacture of textiles;Total;2370.0
2016;Manufacture of wearing apparel;20+  Employees;121.0
2016;Printing and reproduction of recorded media;Less than 5 Employees;806.0
2016;Printing and reproduction of recorded media;Total;1415.0
2016;Manufacture of coke and refined petroleum products;5 to 19 Employees;71.0
2016;Manufacture of coke and refined petroleum products;Total;129.0
2016;Manufacture of chemicals and chemical products;Less than 5 Employees;371.0
2016;Manufacture of rubber and plastics products;Less than 5 Employees;217.0
2016;Manufacture of other non-metallic mineral products;Less than 5 Employees;1764.0
2016;Manufacture of basic metals;Total;602.0
2016;Manufacture of computer, electronic and optical products;5 to 19 Employees;43.0
2016;Manufacture of electrical equipment;20+  Employees;196.0
2016;Manufacture of machinery and equipment n.e.c.;Less than 5 Employees;114.0
2016;Manufacture of furniture;20+  Employees;366.0
2016;Electricity, gas, steam and air conditioning supply;Total;779.0
2016;Sewerage;20+  Employees;54.0
2016;Remediation activities and other waste management services;Less than 5 Employees;5.0
2016;Remediation activities and other waste management services;20+  Employees;10.0
2016;Wholesale trade, except of motor vehicles and motorcycles;5 to 19 Employees;7724.0
2016;Retail trade, except of motor vehicles and motorcycles;Total;339665.0
2016;Land transport and transport via pipelines;Less than 5 Employees;1458.0
2016;Air transport;5 to 19 Employees;140.0
2016;Warehousing and support activities for transportation;Less than 5 Employees;7489.0
2016;Postal and courier activities;20+  Employees;38.0
2016;Postal and courier activities;Total;435.0
2016;Food and beverage service activities;5 to 19 Employees;17503.0
2016;Publishing activities;Less than 5 Employees;494.0
2016;Telecommunications;5 to 19 Employees;560.0
2016;Computer programming, consultancy and related activities;20+  Employees;85.0
2016;Financial service activities, except insurance and pension funding;Less than 5 Employees;1657.0
2016;Insurance, reinsurance and pension funding;Less than 5 Employees;784.0
2016;Real estate activities;20+  Employees;364.0
2016;Legal and accounting activities;20+  Employees;73.0
2016;Veterinary activities;Less than 5 Employees;605.0
2016;Travel agency, tour operator, reservation service & related activities;5 to 19 Employees;1042.0
2016;Security and investigation activities;Less than 5 Employees;222.0
2016;Services to buildings and landscape activities;Less than 5 Employees;740.0
2016;Services to buildings and landscape activities;5 to 19 Employees;642.0
2016;Services to buildings and landscape activities;20+  Employees;289.0
2016;Office administrative, office support & other business support act's;5 to 19 Employees;483.0
2016;Office administrative, office support & other business support act's;20+  Employees;96.0
2016;Education;5 to 19 Employees;3593.0
2016;Education;20+  Employees;3231.0
2016;Creative, arts and entertainment activities;Total;297.0
2016;Activities of membership organizations;20+  Employees;175.0
2016;Repair of computers and personal and household goods;20+  Employees;87.0
2016;Other personal service activities;Less than 5 Employees;58952.0
2016;Other personal service activities;20+  Employees;107.0
2016;Total;Less than 5 Employees;835485.0
2015;Forestry and logging;5 to 19 Employees;32.0
2015;Forestry and logging;Total;613.0
2015;Mining of coal and lignite;Total;5.0
2015;Extraction of crude petroleum and natural gas;Less than 5 Employees;9.0
2015;Mining of metal ores;5 to 19 Employees;15.0
2015;Mining of metal ores;Total;48.0
2015;Other mining and quarrying;Less than 5 Employees;30.0
2015;Other mining and quarrying;20+  Employees;134.0
2015;Mining support service activities;20+  Employees;82.0
2015;Manufacture of tobacco products;5 to 19 Employees;7.0
2015;Manufacture of textiles;5 to 19 Employees;274.0
2015;Manufacture of wearing apparel;20+  Employees;121.0
2015;Manufacture of leather and related products;20+  Employees;16.0
2015;Manufacture of wood and of products of wood and cork;Less than 5 Employees;3248.0
2015;Manufacture of paper and paper products;Less than 5 Employees;86.0
2015;Printing and reproduction of recorded media;5 to 19 Employees;407.0
2015;Manufacture of coke and refined petroleum products;Total;118.0
2015;Manufacture of rubber and plastics products;Less than 5 Employees;213.0
2015;Manufacture of rubber and plastics products;Total;767.0
2015;Manufacture of other non-metallic mineral products;5 to 19 Employees;1639.0
2015;Manufacture of other non-metallic mineral products;20+  Employees;1155.0
2015;Manufacture of other non-metallic mineral products;Total;4502.0
2015;Manufacture of fabricated metal products;Less than 5 Employees;14368.0
2015;Manufacture of fabricated metal products;5 to 19 Employees;5103.0
2015;Manufacture of electrical equipment;Total;593.0
2015;Manufacture of other transport equipment;Less than 5 Employees;23.0
2015;Manufacture of other transport equipment;5 to 19 Employees;11.0
2015;Manufacture of furniture;Total;9742.0
2015;Repair and installation of machinery and equipment;Less than 5 Employees;11005.0
2015;Repair and installation of machinery and equipment;5 to 19 Employees;642.0
2015;Electricity, gas, steam and air conditioning supply;Less than 5 Employees;354.0
2015;Sewerage;Total;132.0
2015;"Waste collection, treatment & disposal activities; materials recovery";Less than 5 Employees;104.0
2015;"Waste collection, treatment & disposal activities; materials recovery";20+  Employees;65.0
2015;"Waste collection, treatment & disposal activities; materials recovery";Total;278.0
2015;Civil engineering;20+  Employees;521.0
2015;Wholesale & retail trade and repair of motor vehicles & motorcycles;5 to 19 Employees;14721.0
2015;Wholesale trade, except of motor vehicles and motorcycles;Total;34056.0
2015;Land transport and transport via pipelines;Less than 5 Employees;1409.0
2015;Land transport and transport via pipelines;20+  Employees;712.0
2015;Water transport;Less than 5 Employees;64.0
2015;Water transport;20+  Employees;98.0
2015;Water transport;Total;246.0
2015;Air transport;Less than 5 Employees;290.0
2015;Air transport;20+  Employees;39.0
2015;Air transport;Total;468.0
2015;Postal and courier activities;Less than 5 Employees;268.0
2015;Postal and courier activities;5 to 19 Employees;105.0
2015;Accommodation;20+  Employees;631.0
2015;Food and beverage service activities;Total;72549.0
2015;Publishing activities;5 to 19 Employees;239.0
2015;Publishing activities;20+  Employees;77.0
2015;Motion picture, video & tv programme production, sound recording;5 to 19 Employees;45.0
2015;Motion picture, video & tv programme production, sound recording;20+  Employees;15.0
2015;Programming and broadcasting activities;Less than 5 Employees;270.0
2015;Programming and broadcasting activities;5 to 19 Employees;38.0
2015;Programming and broadcasting activities;20+  Employees;13.0
2015;Insurance, reinsurance and pension funding;5 to 19 Employees;283.0
2015;Real estate activities;Total;31403.0
2015;"Activities of head offices; management consultancy activities";Total;389.0
2015;"Architectural and engineering activities; technical testing & analysis";Less than 5 Employees;819.0
2015;"Architectural and engineering activities; technical testing & analysis";20+  Employees;326.0
2015;Scientific research and development;Total;16.0
2015;Other professional, scientific and technical activities;5 to 19 Employees;380.0
2015;Rental and leasing activities;5 to 19 Employees;1098.0
2015;Employment activities;5 to 19 Employees;681.0
2015;Travel agency, tour operator, reservation service & related activities;20+  Employees;137.0
2015;Services to buildings and landscape activities;Less than 5 Employees;711.0
2015;Human health activities;Total;4005.0
2015;Social work activities without accommodation;Less than 5 Employees;672.0
2015;Libraries, archives, museums and other cultural activities;Less than 5 Employees;120.0
2015;Repair of computers and personal and household goods;Less than 5 Employees;12513.0
2015;Repair of computers and personal and household goods;5 to 19 Employees;524.0
2015;Other personal service activities;Less than 5 Employees;55008.0
2015;Other personal service activities;20+  Employees;104.0
2015;Forestry and logging;20+  Employees;1.0
2015;Fishing and aquaculture;Less than 5 Employees;45.0
2015;Fishing and aquaculture;5 to 19 Employees;11.0
2015;Mining of metal ores;20+  Employees;24.0
2015;Other mining and quarrying;Total;374.0
2015;Manufacture of beverages;Less than 5 Employees;603.0
2015;Manufacture of beverages;20+  Employees;136.0
2015;Manufacture of textiles;Total;2282.0
2015;Manufacture of wearing apparel;Less than 5 Employees;29246.0
2015;Manufacture of paper and paper products;20+  Employees;126.0
2015;Manufacture of paper and paper products;Total;335.0
2015;Manufacture of coke and refined petroleum products;5 to 19 Employees;65.0
2015;Manufacture of chemicals and chemical products;20+  Employees;520.0
2015;Manufacture of chemicals and chemical products;Total;1444.0
2015;Manufacture of products and preparations pharmaceutical;5 to 19 Employees;18.0
2015;Manufacture of products and preparations pharmaceutical;Total;89.0
2015;Manufacture of other non-metallic mineral products;Less than 5 Employees;1708.0
2015;Manufacture of computer, electronic and optical products;Less than 5 Employees;61.0
2015;Manufacture of computer, electronic and optical products;5 to 19 Employees;40.0
2015;Manufacture of electrical equipment;5 to 19 Employees;98.0
2015;Manufacture of machinery and equipment n.e.c.;Less than 5 Employees;112.0
2015;Manufacture of machinery and equipment n.e.c.;20+  Employees;124.0
2015;Manufacture of machinery and equipment n.e.c.;Total;362.0
2015;Manufacture of furniture;5 to 19 Employees;2175.0
2015;Sewerage;20+  Employees;53.0
2015;Construction of buildings;5 to 19 Employees;6933.0
2015;Construction of buildings;20+  Employees;3665.0
2015;Construction of buildings;Total;19821.0
2015;Civil engineering;Less than 5 Employees;206.0
2015;Specialized construction activities;5 to 19 Employees;3201.0
2015;Retail trade, except of motor vehicles and motorcycles;5 to 19 Employees;24560.0
2015;Retail trade, except of motor vehicles and motorcycles;Total;320010.0
2015;Water transport;5 to 19 Employees;84.0
2015;Postal and courier activities;Total;409.0
2015;Motion picture, video & tv programme production, sound recording;Less than 5 Employees;133.0
2015;Telecommunications;5 to 19 Employees;523.0
2015;Telecommunications;Total;3167.0
2015;Computer programming, consultancy and related activities;Total;535.0
2015;Information service activities;Total;339.0
2015;Activities auxiliary to financial service and insurance activities;Total;497.0
2015;Real estate activities;Less than 5 Employees;28835.0
2015;Real estate activities;20+  Employees;360.0
2015;Legal and accounting activities;Less than 5 Employees;1079.0
2015;Legal and accounting activities;Total;1727.0
2015;Advertising and market research;20+  Employees;167.0
2015;Rental and leasing activities;Total;8061.0
2015;Employment activities;Less than 5 Employees;3461.0
2015;Security and investigation activities;20+  Employees;207.0
2015;Services to buildings and landscape activities;20+  Employees;282.0
2015;Office administrative, office support & other business support act's;Less than 5 Employees;2080.0
2015;Education;5 to 19 Employees;3396.0
2015;Education;20+  Employees;3076.0
2015;Human health activities;Less than 5 Employees;541.0
2015;Human health activities;5 to 19 Employees;1782.0
2015;Human health activities;20+  Employees;1682.0
2015;Creative, arts and entertainment activities;5 to 19 Employees;63.0
2015;Creative, arts and entertainment activities;Total;281.0
2015;Total;5 to 19 Employees;131390.0
2015;Total;20+  Employees;30114.0
2015;Total;Total;954399.0
2015;Forestry and logging;Less than 5 Employees;580.0
2015;Fishing and aquaculture;Total;65.0
2015;Mining of coal and lignite;Less than 5 Employees;5.0
2015;Mining of coal and lignite;20+  Employees;0.0
2015;Extraction of crude petroleum and natural gas;Total;69.0
2015;Mining of metal ores;Less than 5 Employees;9.0
2015;Mining support service activities;Less than 5 Employees;18.0
2015;Manufacture of food products;5 to 19 Employees;1533.0
2015;Manufacture of food products;Total;11372.0
2015;Manufacture of textiles;20+  Employees;89.0
2015;Manufacture of wearing apparel;5 to 19 Employees;2107.0
2015;Manufacture of wearing apparel;Total;31474.0
2015;Manufacture of leather and related products;5 to 19 Employees;15.0
2015;Manufacture of leather and related products;Total;134.0
2015;Printing and reproduction of recorded media;20+  Employees;180.0
2015;Manufacture of coke and refined petroleum products;Less than 5 Employees;28.0
2015;Manufacture of products and preparations pharmaceutical;Less than 5 Employees;22.0
2015;Manufacture of basic metals;Less than 5 Employees;109.0
2015;Manufacture of basic metals;5 to 19 Employees;197.0
2015;Manufacture of basic metals;Total;580.0
2015;Manufacture of motor vehicles, trailers and semi-trailers;Total;314.0
2015;Manufacture of furniture;Less than 5 Employees;7200.0
2015;Manufacture of furniture;20+  Employees;367.0
2015;Other manufacturing;5 to 19 Employees;87.0
2015;Electricity, gas, steam and air conditioning supply;5 to 19 Employees;151.0
2015;Water collection, treatment and supply;5 to 19 Employees;336.0
2015;"Waste collection, treatment & disposal activities; materials recovery";5 to 19 Employees;109.0
2015;Remediation activities and other waste management services;Less than 5 Employees;5.0
2015;Construction of buildings;Less than 5 Employees;9223.0
2015;Civil engineering;Total;1201.0
2015;Specialized construction activities;Less than 5 Employees;7218.0
2015;Wholesale & retail trade and repair of motor vehicles & motorcycles;20+  Employees;1216.0
2015;Wholesale & retail trade and repair of motor vehicles & motorcycles;Total;92220.0
2015;Wholesale trade, except of motor vehicles and motorcycles;5 to 19 Employees;7369.0
2015;Land transport and transport via pipelines;Total;3293.0
2015;Warehousing and support activities for transportation;Less than 5 Employees;7222.0
2015;Food and beverage service activities;Less than 5 Employees;53534.0
2015;Food and beverage service activities;20+  Employees;2100.0
2015;Programming and broadcasting activities;Total;321.0
2015;Information service activities;Less than 5 Employees;219.0
2015;Financial service activities, except insurance and pension funding;5 to 19 Employees;2398.0
2015;Financial service activities, except insurance and pension funding;20+  Employees;564.0
2015;Financial service activities, except insurance and pension funding;Total;4488.0
2015;Real estate activities;5 to 19 Employees;2208.0
2015;Legal and accounting activities;5 to 19 Employees;579.0
2015;"Architectural and engineering activities; technical testing & analysis";Total;2246.0
2015;Scientific research and development;20+  Employees;5.0
2015;Veterinary activities;Less than 5 Employees;604.0
2015;Veterinary activities;20+  Employees;1.0
2015;Employment activities;20+  Employees;70.0
2015;Travel agency, tour operator, reservation service & related activities;Total;3030.0
2015;Security and investigation activities;Less than 5 Employees;212.0
2015;Services to buildings and landscape activities;5 to 19 Employees;597.0
2015;Office administrative, office support & other business support act's;20+  Employees;97.0
2015;Residential care activities;Less than 5 Employees;22.0
2015;Residential care activities;20+  Employees;18.0
2015;Social work activities without accommodation;20+  Employees;142.0
2015;Creative, arts and entertainment activities;Less than 5 Employees;205.0
2015;Sports activities and amusement and recreation activities;Less than 5 Employees;1194.0
2015;Sports activities and amusement and recreation activities;Total;1880.0
2015;Repair of computers and personal and household goods;20+  Employees;85.0
2015;Total;Less than 5 Employees;792895.0
2015;Crop and animal production, hunting and related service activities;Less than 5 Employees;81523.0
2015;Crop and animal production, hunting and related service activities;5 to 19 Employees;4788.0
2015;Crop and animal production, hunting and related service activities;Total;86727.0
2015;Fishing and aquaculture;20+  Employees;9.0
2015;Mining of coal and lignite;5 to 19 Employees;0.0
2015;Other mining and quarrying;5 to 19 Employees;210.0
2015;Mining support service activities;5 to 19 Employees;43.0
2015;Mining support service activities;Total;143.0
2015;Manufacture of food products;20+  Employees;665.0
2015;Manufacture of beverages;Total;963.0
2015;Manufacture of tobacco products;20+  Employees;1.0
2015;Manufacture of wood and of products of wood and cork;20+  Employees;151.0
2015;Manufacture of wood and of products of wood and cork;Total;4825.0
2015;Printing and reproduction of recorded media;Less than 5 Employees;763.0
2015;Manufacture of chemicals and chemical products;Less than 5 Employees;360.0
2015;Manufacture of chemicals and chemical products;5 to 19 Employees;564.0
2015;Manufacture of products and preparations pharmaceutical;20+  Employees;49.0
2015;Manufacture of rubber and plastics products;20+  Employees;242.0
2015;Manufacture of fabricated metal products;20+  Employees;733.0
2015;Manufacture of computer, electronic and optical products;Total;133.0
2015;Manufacture of electrical equipment;Less than 5 Employees;302.0
2015;Manufacture of electrical equipment;20+  Employees;193.0
2015;Manufacture of motor vehicles, trailers and semi-trailers;Less than 5 Employees;83.0
2015;Manufacture of motor vehicles, trailers and semi-trailers;5 to 19 Employees;154.0
2015;Manufacture of other transport equipment;20+  Employees;10.0
2015;Other manufacturing;20+  Employees;63.0
2015;Repair and installation of machinery and equipment;Total;11830.0
2015;Electricity, gas, steam and air conditioning supply;20+  Employees;249.0
2015;Electricity, gas, steam and air conditioning supply;Total;754.0
2015;Water collection, treatment and supply;20+  Employees;130.0
2015;Water collection, treatment and supply;Total;1918.0
2015;Sewerage;5 to 19 Employees;40.0
2015;Civil engineering;5 to 19 Employees;474.0
2015;Wholesale & retail trade and repair of motor vehicles & motorcycles;Less than 5 Employees;76283.0
2015;Air transport;5 to 19 Employees;139.0
2015;Warehousing and support activities for transportation;5 to 19 Employees;3496.0
2015;Warehousing and support activities for transportation;20+  Employees;772.0
2015;Postal and courier activities;20+  Employees;36.0
2015;Accommodation;Less than 5 Employees;21746.0
2015;Accommodation;Total;26463.0
2015;Food and beverage service activities;5 to 19 Employees;16915.0
2015;Publishing activities;Less than 5 Employees;462.0
2015;Telecommunications;Less than 5 Employees;2384.0
2015;Computer programming, consultancy and related activities;Less than 5 Employees;226.0
2015;Information service activities;20+  Employees;26.0
2015;Insurance, reinsurance and pension funding;20+  Employees;169.0
2015;Insurance, reinsurance and pension funding;Total;1195.0
2015;Activities auxiliary to financial service and insurance activities;Less than 5 Employees;157.0
2015;Activities auxiliary to financial service and insurance activities;5 to 19 Employees;314.0
2015;Legal and accounting activities;20+  Employees;69.0
2015;"Activities of head offices; management consultancy activities";Less than 5 Employees;142.0
2015;"Activities of head offices; management consultancy activities";5 to 19 Employees;192.0
2015;"Architectural and engineering activities; technical testing & analysis";5 to 19 Employees;1101.0
2015;Scientific research and development;5 to 19 Employees;5.0
2015;Advertising and market research;5 to 19 Employees;1176.0
2015;Advertising and market research;Total;3526.0
2015;Other professional, scientific and technical activities;Less than 5 Employees;3207.0
2015;Other professional, scientific and technical activities;20+  Employees;33.0
2015;Other professional, scientific and technical activities;Total;3620.0
2015;Veterinary activities;5 to 19 Employees;24.0
2015;Rental and leasing activities;20+  Employees;228.0
2015;Travel agency, tour operator, reservation service & related activities;Less than 5 Employees;1911.0
2015;Security and investigation activities;5 to 19 Employees;211.0
2015;Security and investigation activities;Total;630.0
2015;Office administrative, office support & other business support act's;5 to 19 Employees;473.0
2015;Office administrative, office support & other business support act's;Total;2650.0
2015;Education;Less than 5 Employees;2291.0
2015;Social work activities without accommodation;5 to 19 Employees;672.0
2015;Creative, arts and entertainment activities;20+  Employees;13.0
2015;Activities of membership organizations;Less than 5 Employees;1367.0
2015;Activities of membership organizations;5 to 19 Employees;847.0
2015;Activities of membership organizations;20+  Employees;172.0
2015;Other personal service activities;Total;58399.0
2015;Crop and animal production, hunting and related service activities;20+  Employees;416.0
2015;Extraction of crude petroleum and natural gas;5 to 19 Employees;13.0
2015;Extraction of crude petroleum and natural gas;20+  Employees;47.0
2015;Manufacture of food products;Less than 5 Employees;9174.0
2015;Manufacture of beverages;5 to 19 Employees;224.0
2015;Manufacture of tobacco products;Less than 5 Employees;67.0
2015;Manufacture of tobacco products;Total;75.0
2015;Manufacture of textiles;Less than 5 Employees;1919.0
2015;Manufacture of leather and related products;Less than 5 Employees;103.0
2015;Manufacture of wood and of products of wood and cork;5 to 19 Employees;1426.0
2015;Manufacture of paper and paper products;5 to 19 Employees;123.0
2015;Printing and reproduction of recorded media;Total;1350.0
2015;Manufacture of coke and refined petroleum products;20+  Employees;25.0
2015;Manufacture of rubber and plastics products;5 to 19 Employees;312.0
2015;Manufacture of basic metals;20+  Employees;274.0
2015;Manufacture of fabricated metal products;Total;20204.0
2015;Manufacture of computer, electronic and optical products;20+  Employees;32.0
2015;Manufacture of machinery and equipment n.e.c.;5 to 19 Employees;126.0
2015;Manufacture of motor vehicles, trailers and semi-trailers;20+  Employees;77.0
2015;Manufacture of other transport equipment;Total;44.0
2015;Other manufacturing;Less than 5 Employees;349.0
2015;Other manufacturing;Total;499.0
2015;Repair and installation of machinery and equipment;20+  Employees;183.0
2015;Water collection, treatment and supply;Less than 5 Employees;1452.0
2015;Sewerage;Less than 5 Employees;39.0
2015;Remediation activities and other waste management services;5 to 19 Employees;5.0
2015;Remediation activities and other waste management services;20+  Employees;8.0
2015;Remediation activities and other waste management services;Total;18.0
2015;Specialized construction activities;20+  Employees;785.0
2015;Specialized construction activities;Total;11204.0
2015;Wholesale trade, except of motor vehicles and motorcycles;Less than 5 Employees;25080.0
2015;Wholesale trade, except of motor vehicles and motorcycles;20+  Employees;1607.0
2015;Retail trade, except of motor vehicles and motorcycles;Less than 5 Employees;292989.0
2015;Retail trade, except of motor vehicles and motorcycles;20+  Employees;2461.0
2015;Land transport and transport via pipelines;5 to 19 Employees;1172.0
2015;Warehousing and support activities for transportation;Total;11490.0
2015;Accommodation;5 to 19 Employees;4086.0
2015;Publishing activities;Total;778.0
2015;Motion picture, video & tv programme production, sound recording;Total;193.0
2015;Telecommunications;20+  Employees;260.0
2015;Computer programming, consultancy and related activities;5 to 19 Employees;228.0
2015;Computer programming, consultancy and related activities;20+  Employees;81.0
2015;Information service activities;5 to 19 Employees;94.0
2015;Financial service activities, except insurance and pension funding;Less than 5 Employees;1526.0
2015;Insurance, reinsurance and pension funding;Less than 5 Employees;743.0
2015;Activities auxiliary to financial service and insurance activities;20+  Employees;26.0
2015;"Activities of head offices; management consultancy activities";20+  Employees;55.0
2015;Scientific research and development;Less than 5 Employees;6.0
2015;Advertising and market research;Less than 5 Employees;2183.0
2015;Veterinary activities;Total;629.0
2015;Rental and leasing activities;Less than 5 Employees;6735.0
2015;Employment activities;Total;4212.0
2015;Travel agency, tour operator, reservation service & related activities;5 to 19 Employees;982.0
2015;Services to buildings and landscape activities;Total;1590.0
2015;Education;Total;8763.0
2015;Residential care activities;5 to 19 Employees;25.0
2015;Residential care activities;Total;65.0
2015;Social work activities without accommodation;Total;1486.0
2015;Libraries, archives, museums and other cultural activities;5 to 19 Employees;34.0
2015;Libraries, archives, museums and other cultural activities;20+  Employees;11.0
2015;Libraries, archives, museums and other cultural activities;Total;165.0
2015;Sports activities and amusement and recreation activities;5 to 19 Employees;536.0
2015;Sports activities and amusement and recreation activities;20+  Employees;150.0
2015;Activities of membership organizations;Total;2386.0
2015;Repair of computers and personal and household goods;Total;13122.0
2015;Other personal service activities;5 to 19 Employees;3287.0
2014;Crop and animal production, hunting and related service activities;Less than 5 Employees;81496.0
2014;Crop and animal production, hunting and related service activities;5 to 19 Employees;4737.0
2014;Crop and animal production, hunting and related service activities;Total;86623.0
2014;Extraction of crude petroleum and natural gas;Less than 5 Employees;9.0
2014;Other mining and quarrying;5 to 19 Employees;206.0
2014;Mining support service activities;5 to 19 Employees;39.0
2014;Manufacture of food products;5 to 19 Employees;1528.0
2014;Manufacture of beverages;20+  Employees;120.0
2014;Manufacture of tobacco products;20+  Employees;1.0
2014;Manufacture of textiles;5 to 19 Employees;267.0
2014;Manufacture of textiles;20+  Employees;73.0
2014;Manufacture of leather and related products;20+  Employees;15.0
2014;Manufacture of paper and paper products;Less than 5 Employees;86.0
2014;Manufacture of paper and paper products;20+  Employees;111.0
2014;Printing and reproduction of recorded media;Less than 5 Employees;762.0
2014;Manufacture of coke and refined petroleum products;Total;119.0
2014;Manufacture of products and preparations pharmaceutical;20+  Employees;43.0
2014;Manufacture of rubber and plastics products;Less than 5 Employees;213.0
2014;Manufacture of computer, electronic and optical products;5 to 19 Employees;34.0
2014;Manufacture of computer, electronic and optical products;20+  Employees;29.0
2014;Manufacture of electrical equipment;5 to 19 Employees;93.0
2014;Manufacture of machinery and equipment n.e.c.;5 to 19 Employees;120.0
2014;Manufacture of motor vehicles, trailers and semi-trailers;Total;302.0
2014;Manufacture of furniture;Less than 5 Employees;7186.0
2014;Manufacture of furniture;5 to 19 Employees;2127.0
2014;Other manufacturing;Less than 5 Employees;349.0
2014;Repair and installation of machinery and equipment;Less than 5 Employees;10983.0
2014;Repair and installation of machinery and equipment;20+  Employees;167.0
2014;Water collection, treatment and supply;20+  Employees;113.0
2014;Sewerage;20+  Employees;49.0
2014;Construction of buildings;Total;19185.0
2014;Civil engineering;Less than 5 Employees;206.0
2014;Civil engineering;5 to 19 Employees;457.0
2014;Specialized construction activities;5 to 19 Employees;3182.0
2014;Wholesale trade, except of motor vehicles and motorcycles;Less than 5 Employees;25030.0
2014;Wholesale trade, except of motor vehicles and motorcycles;5 to 19 Employees;7255.0
2014;Land transport and transport via pipelines;Less than 5 Employees;1406.0
2014;Water transport;Less than 5 Employees;64.0
2014;Accommodation;Total;26296.0
2014;Food and beverage service activities;Total;71086.0
2014;Publishing activities;Less than 5 Employees;461.0
2014;Publishing activities;Total;749.0
2014;Motion picture, video & tv programme production, sound recording;Total;187.0
2014;Programming and broadcasting activities;20+  Employees;11.0
2014;Information service activities;Less than 5 Employees;219.0
2014;Financial service activities, except insurance and pension funding;Less than 5 Employees;1523.0
2014;Financial service activities, except insurance and pension funding;5 to 19 Employees;2377.0
2014;Activities auxiliary to financial service and insurance activities;Total;476.0
2014;Real estate activities;5 to 19 Employees;2139.0
2014;"Activities of head offices; management consultancy activities";Less than 5 Employees;142.0
2014;"Architectural and engineering activities; technical testing & analysis";5 to 19 Employees;1011.0
2014;"Architectural and engineering activities; technical testing & analysis";20+  Employees;286.0
2014;Scientific research and development;Less than 5 Employees;6.0
2014;Scientific research and development;5 to 19 Employees;3.0
2014;Other professional, scientific and technical activities;Total;3586.0
2014;Employment activities;Less than 5 Employees;3454.0
2014;Employment activities;20+  Employees;62.0
2014;Employment activities;Total;4159.0
2014;Office administrative, office support & other business support act's;20+  Employees;86.0
2014;Education;Less than 5 Employees;2289.0
2014;Education;Total;8298.0
2014;Social work activities without accommodation;Less than 5 Employees;671.0
2014;Creative, arts and entertainment activities;5 to 19 Employees;56.0
2014;Libraries, archives, museums and other cultural activities;20+  Employees;11.0
2014;Sports activities and amusement and recreation activities;5 to 19 Employees;524.0
2014;Activities of membership organizations;Less than 5 Employees;1366.0
2014;Other personal service activities;5 to 19 Employees;3205.0
2014;Forestry and logging;5 to 19 Employees;29.0
2014;Forestry and logging;20+  Employees;1.0
2014;Mining of coal and lignite;20+  Employees;0.0
2014;Extraction of crude petroleum and natural gas;20+  Employees;48.0
2014;Mining of metal ores;Total;42.0
2014;Other mining and quarrying;Total;358.0
2014;Manufacture of food products;Less than 5 Employees;9156.0
2014;Manufacture of food products;20+  Employees;600.0
2014;Manufacture of beverages;Total;935.0
2014;Manufacture of tobacco products;Less than 5 Employees;67.0
2014;Manufacture of textiles;Total;2257.0
2014;Manufacture of leather and related products;5 to 19 Employees;14.0
2014;Manufacture of leather and related products;Total;132.0
2014;Manufacture of paper and paper products;5 to 19 Employees;112.0
2014;Manufacture of coke and refined petroleum products;Less than 5 Employees;28.0
2014;Manufacture of chemicals and chemical products;Less than 5 Employees;360.0
2014;Manufacture of chemicals and chemical products;20+  Employees;447.0
2014;Manufacture of products and preparations pharmaceutical;Total;82.0
2014;Manufacture of rubber and plastics products;Total;728.0
2014;Manufacture of basic metals;Less than 5 Employees;109.0
2014;Manufacture of fabricated metal products;20+  Employees;640.0
2014;Electricity, gas, steam and air conditioning supply;20+  Employees;214.0
2014;Electricity, gas, steam and air conditioning supply;Total;713.0
2014;Sewerage;Less than 5 Employees;39.0
2014;"Waste collection, treatment & disposal activities; materials recovery";5 to 19 Employees;100.0
2014;"Waste collection, treatment & disposal activities; materials recovery";20+  Employees;56.0
2014;Wholesale & retail trade and repair of motor vehicles & motorcycles;Total;91908.0
2014;Wholesale trade, except of motor vehicles and motorcycles;Total;33699.0
2014;Retail trade, except of motor vehicles and motorcycles;20+  Employees;2416.0
2014;Air transport;Less than 5 Employees;289.0
2014;Postal and courier activities;5 to 19 Employees;99.0
2014;Food and beverage service activities;5 to 19 Employees;15791.0
2014;Food and beverage service activities;20+  Employees;1868.0
2014;Motion picture, video & tv programme production, sound recording;5 to 19 Employees;41.0
2014;Computer programming, consultancy and related activities;Total;510.0
2014;Information service activities;5 to 19 Employees;85.0
2014;Financial service activities, except insurance and pension funding;Total;4388.0
2014;Activities auxiliary to financial service and insurance activities;Less than 5 Employees;157.0
2014;Real estate activities;Total;31245.0
2014;Legal and accounting activities;Less than 5 Employees;1078.0
2014;"Activities of head offices; management consultancy activities";5 to 19 Employees;177.0
2014;Rental and leasing activities;5 to 19 Employees;989.0
2014;Security and investigation activities;5 to 19 Employees;205.0
2014;Security and investigation activities;Total;591.0
2014;Services to buildings and landscape activities;5 to 19 Employees;577.0
2014;Services to buildings and landscape activities;20+  Employees;264.0
2014;Human health activities;20+  Employees;1470.0
2014;Human health activities;Total;3706.0
2014;Residential care activities;5 to 19 Employees;22.0
2014;Residential care activities;20+  Employees;16.0
2014;Social work activities without accommodation;5 to 19 Employees;657.0
2014;Libraries, archives, museums and other cultural activities;5 to 19 Employees;32.0
2014;Activities of membership organizations;5 to 19 Employees;830.0
2014;Activities of membership organizations;20+  Employees;149.0
2014;Repair of computers and personal and household goods;20+  Employees;78.0
2014;Other personal service activities;Less than 5 Employees;54898.0
2014;Total;Total;946880.0
2014;Crop and animal production, hunting and related service activities;20+  Employees;390.0
2014;Forestry and logging;Total;609.0
2014;Fishing and aquaculture;5 to 19 Employees;10.0
2014;Fishing and aquaculture;Total;64.0
2014;Mining of coal and lignite;Less than 5 Employees;5.0
2014;Mining of coal and lignite;Total;5.0
2014;Extraction of crude petroleum and natural gas;5 to 19 Employees;12.0
2014;Mining of metal ores;Less than 5 Employees;9.0
2014;Other mining and quarrying;Less than 5 Employees;30.0
2014;Other mining and quarrying;20+  Employees;122.0
2014;Manufacture of food products;Total;11284.0
2014;Manufacture of textiles;Less than 5 Employees;1917.0
2014;Manufacture of wearing apparel;5 to 19 Employees;1959.0
2014;Manufacture of wearing apparel;20+  Employees;107.0
2014;Manufacture of leather and related products;Less than 5 Employees;103.0
2014;Manufacture of wood and of products of wood and cork;Total;4806.0
2014;Printing and reproduction of recorded media;Total;1322.0
2014;Manufacture of other non-metallic mineral products;5 to 19 Employees;1634.0
2014;Manufacture of other non-metallic mineral products;20+  Employees;1047.0
2014;Manufacture of basic metals;5 to 19 Employees;186.0
2014;Manufacture of electrical equipment;Total;565.0
2014;Manufacture of machinery and equipment n.e.c.;20+  Employees;115.0
2014;Manufacture of motor vehicles, trailers and semi-trailers;5 to 19 Employees;149.0
2014;Manufacture of other transport equipment;20+  Employees;9.0
2014;Other manufacturing;5 to 19 Employees;78.0
2014;Other manufacturing;20+  Employees;56.0
2014;Other manufacturing;Total;483.0
2014;Electricity, gas, steam and air conditioning supply;5 to 19 Employees;145.0
2014;Water collection, treatment and supply;5 to 19 Employees;322.0
2014;Water collection, treatment and supply;Total;1886.0
2014;"Waste collection, treatment & disposal activities; materials recovery";Total;260.0
2014;Remediation activities and other waste management services;20+  Employees;7.0
2014;Remediation activities and other waste management services;Total;15.0
2014;Civil engineering;Total;1135.0
2014;Wholesale trade, except of motor vehicles and motorcycles;20+  Employees;1414.0
2014;Water transport;20+  Employees;89.0
2014;Water transport;Total;233.0
2014;Air transport;5 to 19 Employees;135.0
2014;Warehousing and support activities for transportation;20+  Employees;690.0
2014;Postal and courier activities;20+  Employees;30.0
2014;Publishing activities;20+  Employees;67.0
2014;Motion picture, video & tv programme production, sound recording;Less than 5 Employees;133.0
2014;Telecommunications;5 to 19 Employees;506.0
2014;Telecommunications;Total;3095.0
2014;Computer programming, consultancy and related activities;Less than 5 Employees;226.0
2014;Computer programming, consultancy and related activities;20+  Employees;73.0
2014;Information service activities;Total;327.0
2014;Insurance, reinsurance and pension funding;5 to 19 Employees;277.0
2014;Real estate activities;20+  Employees;329.0
2014;Legal and accounting activities;20+  Employees;60.0
2014;"Activities of head offices; management consultancy activities";Total;370.0
2014;"Architectural and engineering activities; technical testing & analysis";Less than 5 Employees;817.0
2014;"Architectural and engineering activities; technical testing & analysis";Total;2114.0
2014;Scientific research and development;Total;14.0
2014;Advertising and market research;5 to 19 Employees;1087.0
2014;Advertising and market research;20+  Employees;145.0
2014;Other professional, scientific and technical activities;5 to 19 Employees;352.0
2014;Veterinary activities;5 to 19 Employees;22.0
2014;Veterinary activities;Total;626.0
2014;Rental and leasing activities;Less than 5 Employees;6728.0
2014;Travel agency, tour operator, reservation service & related activities;5 to 19 Employees;913.0
2014;Travel agency, tour operator, reservation service & related activities;20+  Employees;120.0
2014;Travel agency, tour operator, reservation service & related activities;Total;2940.0
2014;Security and investigation activities;Less than 5 Employees;212.0
2014;Human health activities;5 to 19 Employees;1696.0
2014;Residential care activities;Total;60.0
2014;Social work activities without accommodation;20+  Employees;125.0
2014;Creative, arts and entertainment activities;20+  Employees;9.0
2014;Libraries, archives, museums and other cultural activities;Less than 5 Employees;120.0
2014;Libraries, archives, museums and other cultural activities;Total;163.0
2014;Sports activities and amusement and recreation activities;Less than 5 Employees;1192.0
2014;Sports activities and amusement and recreation activities;20+  Employees;142.0
2014;Repair of computers and personal and household goods;Less than 5 Employees;12500.0
2014;Repair of computers and personal and household goods;Total;13084.0
2014;Forestry and logging;Less than 5 Employees;579.0
2014;Extraction of crude petroleum and natural gas;Total;69.0
2014;Mining of metal ores;20+  Employees;20.0
2014;Mining support service activities;Total;130.0
2014;Manufacture of beverages;Less than 5 Employees;598.0
2014;Manufacture of tobacco products;5 to 19 Employees;7.0
2014;Manufacture of wearing apparel;Less than 5 Employees;29217.0
2014;Manufacture of wood and of products of wood and cork;Less than 5 Employees;3242.0
2014;Manufacture of wood and of products of wood and cork;20+  Employees;141.0
2014;Manufacture of paper and paper products;Total;309.0
2014;Manufacture of coke and refined petroleum products;5 to 19 Employees;60.0
2014;Manufacture of coke and refined petroleum products;20+  Employees;31.0
2014;Manufacture of chemicals and chemical products;Total;1363.0
2014;Manufacture of products and preparations pharmaceutical;Less than 5 Employees;22.0
2014;Manufacture of products and preparations pharmaceutical;5 to 19 Employees;17.0
2014;Manufacture of rubber and plastics products;5 to 19 Employees;305.0
2014;Manufacture of basic metals;20+  Employees;240.0
2014;Manufacture of basic metals;Total;535.0
2014;Manufacture of fabricated metal products;Less than 5 Employees;14354.0
2014;Manufacture of fabricated metal products;5 to 19 Employees;5081.0
2014;Manufacture of fabricated metal products;Total;20075.0
2014;Manufacture of computer, electronic and optical products;Total;124.0
2014;Manufacture of electrical equipment;Less than 5 Employees;302.0
2014;Manufacture of motor vehicles, trailers and semi-trailers;20+  Employees;70.0
2014;Manufacture of other transport equipment;5 to 19 Employees;10.0
2014;Manufacture of other transport equipment;Total;42.0
2014;Remediation activities and other waste management services;Less than 5 Employees;4.0
2014;Remediation activities and other waste management services;5 to 19 Employees;4.0
2014;Construction of buildings;Less than 5 Employees;9214.0
2014;Construction of buildings;20+  Employees;3100.0
2014;Specialized construction activities;Less than 5 Employees;7211.0
2014;Specialized construction activities;Total;11084.0
2014;Wholesale & retail trade and repair of motor vehicles & motorcycles;20+  Employees;1075.0
2014;Retail trade, except of motor vehicles and motorcycles;5 to 19 Employees;24431.0
2014;Retail trade, except of motor vehicles and motorcycles;Total;319561.0
2014;Land transport and transport via pipelines;5 to 19 Employees;1159.0
2014;Land transport and transport via pipelines;Total;3178.0
2014;Warehousing and support activities for transportation;Less than 5 Employees;7215.0
2014;Publishing activities;5 to 19 Employees;221.0
2014;Telecommunications;20+  Employees;212.0
2014;Information service activities;20+  Employees;23.0
2014;Manufacture of furniture;Total;9648.0
2014;Repair and installation of machinery and equipment;5 to 19 Employees;629.0
2014;Water collection, treatment and supply;Less than 5 Employees;1451.0
2014;Sewerage;Total;123.0
2014;"Waste collection, treatment & disposal activities; materials recovery";Less than 5 Employees;104.0
2014;Postal and courier activities;Total;397.0
2014;Accommodation;20+  Employees;583.0
2014;Motion picture, video & tv programme production, sound recording;20+  Employees;13.0
2014;Programming and broadcasting activities;5 to 19 Employees;32.0
2014;Telecommunications;Less than 5 Employees;2377.0
2014;Financial service activities, except insurance and pension funding;20+  Employees;488.0
2014;Insurance, reinsurance and pension funding;20+  Employees;142.0
2014;Insurance, reinsurance and pension funding;Total;1161.0
2014;Activities auxiliary to financial service and insurance activities;5 to 19 Employees;296.0
2014;Real estate activities;Less than 5 Employees;28777.0
2014;"Activities of head offices; management consultancy activities";20+  Employees;51.0
2014;Scientific research and development;20+  Employees;5.0
2014;Veterinary activities;Less than 5 Employees;603.0
2014;Rental and leasing activities;20+  Employees;219.0
2014;Rental and leasing activities;Total;7936.0
2014;Employment activities;5 to 19 Employees;643.0
2014;Travel agency, tour operator, reservation service & related activities;Less than 5 Employees;1907.0
2014;Security and investigation activities;20+  Employees;174.0
2014;Services to buildings and landscape activities;Less than 5 Employees;710.0
2014;Services to buildings and landscape activities;Total;1551.0
2014;Office administrative, office support & other business support act's;Less than 5 Employees;2076.0
2014;Office administrative, office support & other business support act's;5 to 19 Employees;454.0
2014;Education;20+  Employees;2657.0
2014;Human health activities;Less than 5 Employees;540.0
2014;Residential care activities;Less than 5 Employees;22.0
2014;Repair of computers and personal and household goods;5 to 19 Employees;506.0
2014;Other personal service activities;Total;58196.0
2014;Total;Less than 5 Employees;791938.0
2014;Total;5 to 19 Employees;128193.0
2014;Fishing and aquaculture;Less than 5 Employees;45.0
2014;Fishing and aquaculture;20+  Employees;9.0
2014;Mining of coal and lignite;5 to 19 Employees;0.0
2014;Mining of metal ores;5 to 19 Employees;13.0
2014;Mining support service activities;Less than 5 Employees;18.0
2014;Mining support service activities;20+  Employees;73.0
2014;Manufacture of beverages;5 to 19 Employees;217.0
2014;Manufacture of tobacco products;Total;75.0
2014;Manufacture of wearing apparel;Total;31283.0
2014;Manufacture of wood and of products of wood and cork;5 to 19 Employees;1423.0
2014;Printing and reproduction of recorded media;5 to 19 Employees;398.0
2014;Printing and reproduction of recorded media;20+  Employees;162.0
2014;Manufacture of chemicals and chemical products;5 to 19 Employees;556.0
2014;Manufacture of rubber and plastics products;20+  Employees;210.0
2014;Manufacture of other non-metallic mineral products;Less than 5 Employees;1705.0
2014;Manufacture of other non-metallic mineral products;Total;4386.0
2014;Manufacture of computer, electronic and optical products;Less than 5 Employees;61.0
2014;Manufacture of electrical equipment;20+  Employees;170.0
2014;Manufacture of machinery and equipment n.e.c.;Less than 5 Employees;112.0
2014;Manufacture of machinery and equipment n.e.c.;Total;347.0
2014;Manufacture of motor vehicles, trailers and semi-trailers;Less than 5 Employees;83.0
2014;Manufacture of other transport equipment;Less than 5 Employees;23.0
2014;Manufacture of furniture;20+  Employees;335.0
2014;Repair and installation of machinery and equipment;Total;11779.0
2014;Electricity, gas, steam and air conditioning supply;Less than 5 Employees;354.0
2014;Sewerage;5 to 19 Employees;35.0
2014;Construction of buildings;5 to 19 Employees;6871.0
2014;Civil engineering;20+  Employees;472.0
2014;Specialized construction activities;20+  Employees;691.0
2014;Wholesale & retail trade and repair of motor vehicles & motorcycles;Less than 5 Employees;76207.0
2014;Wholesale & retail trade and repair of motor vehicles & motorcycles;5 to 19 Employees;14626.0
2014;Retail trade, except of motor vehicles and motorcycles;Less than 5 Employees;292714.0
2014;Land transport and transport via pipelines;20+  Employees;613.0
2014;Water transport;5 to 19 Employees;80.0
2014;Air transport;20+  Employees;33.0
2014;Air transport;Total;457.0
2014;Warehousing and support activities for transportation;5 to 19 Employees;3414.0
2014;Warehousing and support activities for transportation;Total;11319.0
2014;Postal and courier activities;Less than 5 Employees;268.0
2014;Accommodation;Less than 5 Employees;21703.0
2014;Accommodation;5 to 19 Employees;4010.0
2014;Food and beverage service activities;Less than 5 Employees;53427.0
2014;Programming and broadcasting activities;Less than 5 Employees;269.0
2014;Programming and broadcasting activities;Total;312.0
2014;Computer programming, consultancy and related activities;5 to 19 Employees;211.0
2014;Insurance, reinsurance and pension funding;Less than 5 Employees;742.0
2014;Activities auxiliary to financial service and insurance activities;20+  Employees;23.0
2014;Legal and accounting activities;5 to 19 Employees;529.0
2014;Legal and accounting activities;Total;1667.0
2014;Advertising and market research;Less than 5 Employees;2179.0
2014;Advertising and market research;Total;3411.0
2014;Other professional, scientific and technical activities;Less than 5 Employees;3204.0
2014;Other professional, scientific and technical activities;20+  Employees;30.0
2014;Veterinary activities;20+  Employees;1.0
2014;Office administrative, office support & other business support act's;Total;2616.0
2014;Education;5 to 19 Employees;3352.0
2014;Social work activities without accommodation;Total;1453.0
2014;Creative, arts and entertainment activities;Less than 5 Employees;205.0
2014;Creative, arts and entertainment activities;Total;270.0
2014;Sports activities and amusement and recreation activities;Total;1858.0
2014;Activities of membership organizations;Total;2345.0
2014;Other personal service activities;20+  Employees;93.0
2014;Total;20+  Employees;26749.0
2013;Crop and animal production, hunting and related service activities;Less than 5 Employees;79218.0
2013;Forestry and logging;20+  Employees;1.0
2013;Fishing and aquaculture;5 to 19 Employees;9.0
2013;Mining of coal and lignite;20+  Employees;0.0
2013;Mining of coal and lignite;Total;4.0
2013;Extraction of crude petroleum and natural gas;5 to 19 Employees;11.0
2013;Mining of metal ores;Less than 5 Employees;8.0
2013;Other mining and quarrying;Less than 5 Employees;27.0
2013;Other mining and quarrying;5 to 19 Employees;184.0
2013;Manufacture of food products;5 to 19 Employees;1416.0
2013;Manufacture of tobacco products;Less than 5 Employees;58.0
2013;Manufacture of tobacco products;20+  Employees;1.0
2013;Manufacture of tobacco products;Total;66.0
2013;Manufacture of textiles;5 to 19 Employees;245.0
2013;Manufacture of textiles;20+  Employees;60.0
2013;Manufacture of wearing apparel;5 to 19 Employees;1740.0
2013;Manufacture of leather and related products;5 to 19 Employees;13.0
2013;Manufacture of leather and related products;20+  Employees;14.0
2013;Manufacture of wood and of products of wood and cork;5 to 19 Employees;1359.0
2013;Manufacture of paper and paper products;5 to 19 Employees;95.0
2013;Printing and reproduction of recorded media;Total;1249.0
2013;Manufacture of coke and refined petroleum products;Total;99.0
2013;Manufacture of other non-metallic mineral products;Less than 5 Employees;1631.0
2013;Manufacture of other non-metallic mineral products;Total;4116.0
2013;Manufacture of basic metals;5 to 19 Employees;164.0
2013;Manufacture of fabricated metal products;5 to 19 Employees;4381.0
2013;Manufacture of computer, electronic and optical products;Total;110.0
2013;Manufacture of electrical equipment;Total;505.0
2013;Manufacture of machinery and equipment n.e.c.;Less than 5 Employees;104.0
2013;Manufacture of motor vehicles, trailers and semi-trailers;20+  Employees;64.0
2013;Manufacture of motor vehicles, trailers and semi-trailers;Total;269.0
2013;Manufacture of other transport equipment;20+  Employees;8.0
2013;Other manufacturing;5 to 19 Employees;70.0
2013;Repair and installation of machinery and equipment;5 to 19 Employees;567.0
2013;Electricity, gas, steam and air conditioning supply;5 to 19 Employees;126.0
2013;Construction of buildings;Less than 5 Employees;8808.0
2013;Construction of buildings;5 to 19 Employees;6727.0
2013;Civil engineering;20+  Employees;428.0
2013;Civil engineering;Total;1011.0
2013;Retail trade, except of motor vehicles and motorcycles;20+  Employees;2372.0
2013;Land transport and transport via pipelines;20+  Employees;528.0
2013;Water transport;20+  Employees;81.0
2013;Air transport;5 to 19 Employees;124.0
2013;Postal and courier activities;Less than 5 Employees;234.0
2013;Accommodation;Total;24680.0
2013;Publishing activities;20+  Employees;58.0
2013;Motion picture, video & tv programme production, sound recording;20+  Employees;11.0
2013;Programming and broadcasting activities;Less than 5 Employees;236.0
2013;Programming and broadcasting activities;20+  Employees;9.0
2013;Computer programming, consultancy and related activities;Less than 5 Employees;202.0
2013;Computer programming, consultancy and related activities;20+  Employees;66.0
2013;Information service activities;20+  Employees;20.0
2013;Information service activities;Total;294.0
2013;Financial service activities, except insurance and pension funding;Less than 5 Employees;1467.0
2013;Financial service activities, except insurance and pension funding;5 to 19 Employees;2062.0
2013;Insurance, reinsurance and pension funding;Less than 5 Employees;648.0
2013;Real estate activities;Total;30334.0
2013;"Architectural and engineering activities; technical testing & analysis";20+  Employees;251.0
2013;Advertising and market research;20+  Employees;126.0
2013;Other professional, scientific and technical activities;20+  Employees;27.0
2013;Veterinary activities;Less than 5 Employees;539.0
2013;Rental and leasing activities;Less than 5 Employees;6445.0
2013;Security and investigation activities;Less than 5 Employees;183.0
2013;Security and investigation activities;5 to 19 Employees;170.0
2013;Residential care activities;20+  Employees;14.0
2013;Social work activities without accommodation;20+  Employees;110.0
2013;Social work activities without accommodation;Total;1243.0
2013;Sports activities and amusement and recreation activities;Less than 5 Employees;1061.0
2013;Sports activities and amusement and recreation activities;5 to 19 Employees;494.0
2013;Activities of membership organizations;Total;2005.0
2013;Repair of computers and personal and household goods;20+  Employees;72.0
2013;Other personal service activities;5 to 19 Employees;2937.0
2013;Crop and animal production, hunting and related service activities;5 to 19 Employees;4255.0
2013;Forestry and logging;Less than 5 Employees;515.0
2013;Mining of coal and lignite;5 to 19 Employees;0.0
2013;Extraction of crude petroleum and natural gas;Less than 5 Employees;7.0
2013;Mining of metal ores;5 to 19 Employees;11.0
2013;Other mining and quarrying;20+  Employees;111.0
2013;Manufacture of food products;20+  Employees;541.0
2013;Manufacture of beverages;20+  Employees;106.0
2013;Manufacture of beverages;Total;888.0
2013;Manufacture of textiles;Less than 5 Employees;1894.0
2013;Manufacture of wearing apparel;Less than 5 Employees;28833.0
2013;Manufacture of wood and of products of wood and cork;20+  Employees;132.0
2013;Manufacture of paper and paper products;Less than 5 Employees;76.0
2013;Printing and reproduction of recorded media;5 to 19 Employees;373.0
2013;Printing and reproduction of recorded media;20+  Employees;146.0
2013;Manufacture of coke and refined petroleum products;Less than 5 Employees;25.0
2013;Manufacture of products and preparations pharmaceutical;5 to 19 Employees;16.0
2013;Manufacture of rubber and plastics products;Total;653.0
2013;Manufacture of basic metals;20+  Employees;210.0
2013;Manufacture of fabricated metal products;Total;19131.0
2013;Manufacture of computer, electronic and optical products;Less than 5 Employees;55.0
2013;Manufacture of electrical equipment;5 to 19 Employees;84.0
2013;Manufacture of electrical equipment;20+  Employees;150.0
2013;Manufacture of furniture;5 to 19 Employees;1988.0
2013;Other manufacturing;Less than 5 Employees;312.0
2013;Other manufacturing;20+  Employees;50.0
2013;Other manufacturing;Total;432.0
2013;Repair and installation of machinery and equipment;Less than 5 Employees;10187.0
2013;Repair and installation of machinery and equipment;Total;10906.0
2013;Electricity, gas, steam and air conditioning supply;Less than 5 Employees;318.0
2013;"Waste collection, treatment & disposal activities; materials recovery";Total;226.0
2013;Specialized construction activities;Less than 5 Employees;7173.0
2013;Specialized construction activities;5 to 19 Employees;3077.0
2013;Wholesale & retail trade and repair of motor vehicles & motorcycles;Less than 5 Employees;73565.0
2013;Water transport;Total;209.0
2013;Air transport;20+  Employees;28.0
2013;Warehousing and support activities for transportation;5 to 19 Employees;3070.0
2013;Warehousing and support activities for transportation;Total;10801.0
2013;Postal and courier activities;5 to 19 Employees;84.0
2013;Food and beverage service activities;20+  Employees;1662.0
2013;Publishing activities;5 to 19 Employees;204.0
2013;Insurance, reinsurance and pension funding;20+  Employees;119.0
2013;Real estate activities;5 to 19 Employees;1881.0
2013;Legal and accounting activities;20+  Employees;52.0
2013;Legal and accounting activities;Total;1460.0
2013;"Activities of head offices; management consultancy activities";Less than 5 Employees;131.0
2013;"Activities of head offices; management consultancy activities";Total;322.0
2013;"Architectural and engineering activities; technical testing & analysis";Total;1900.0
2013;Advertising and market research;Less than 5 Employees;2013.0
2013;Advertising and market research;5 to 19 Employees;921.0
2013;Travel agency, tour operator, reservation service & related activities;5 to 19 Employees;796.0
2013;Services to buildings and landscape activities;20+  Employees;247.0
2013;Office administrative, office support & other business support act's;Total;2303.0
2013;Education;5 to 19 Employees;3286.0
2013;Education;20+  Employees;2295.0
2013;Education;Total;7720.0
2013;Human health activities;5 to 19 Employees;1472.0
2013;Libraries, archives, museums and other cultural activities;5 to 19 Employees;30.0
2013;Libraries, archives, museums and other cultural activities;20+  Employees;9.0
2013;Sports activities and amusement and recreation activities;Total;1689.0
2013;Other personal service activities;20+  Employees;83.0
2013;Total;Total;899531.0
2013;Wholesale & retail trade and repair of motor vehicles & motorcycles;5 to 19 Employees;13949.0
2013;Wholesale trade, except of motor vehicles and motorcycles;Less than 5 Employees;24294.0
2013;Wholesale trade, except of motor vehicles and motorcycles;5 to 19 Employees;6504.0
2013;Wholesale trade, except of motor vehicles and motorcycles;20+  Employees;1244.0
2013;Retail trade, except of motor vehicles and motorcycles;Less than 5 Employees;280543.0
2013;Retail trade, except of motor vehicles and motorcycles;5 to 19 Employees;23557.0
2013;Retail trade, except of motor vehicles and motorcycles;Total;306472.0
2013;Water transport;5 to 19 Employees;70.0
2013;Air transport;Less than 5 Employees;272.0
2013;Air transport;Total;424.0
2013;Postal and courier activities;20+  Employees;25.0
2013;Postal and courier activities;Total;343.0
2013;Food and beverage service activities;Total;69227.0
2013;Publishing activities;Less than 5 Employees;391.0
2013;Motion picture, video & tv programme production, sound recording;Less than 5 Employees;125.0
2013;Motion picture, video & tv programme production, sound recording;Total;173.0
2013;Computer programming, consultancy and related activities;5 to 19 Employees;191.0
2013;Financial service activities, except insurance and pension funding;20+  Employees;422.0
2013;Insurance, reinsurance and pension funding;5 to 19 Employees;244.0
2013;Activities auxiliary to financial service and insurance activities;Total;400.0
2013;Real estate activities;Less than 5 Employees;28152.0
2013;Real estate activities;20+  Employees;301.0
2013;Legal and accounting activities;Less than 5 Employees;925.0
2013;Legal and accounting activities;5 to 19 Employees;483.0
2013;Scientific research and development;5 to 19 Employees;2.0
2013;Scientific research and development;20+  Employees;5.0
2013;Other professional, scientific and technical activities;Less than 5 Employees;2838.0
2013;Other professional, scientific and technical activities;Total;3191.0
2013;Rental and leasing activities;5 to 19 Employees;891.0
2013;Employment activities;Less than 5 Employees;2957.0
2013;Employment activities;Total;3553.0
2013;Security and investigation activities;Total;499.0
2013;Services to buildings and landscape activities;Less than 5 Employees;643.0
2013;Services to buildings and landscape activities;5 to 19 Employees;475.0
2013;Office administrative, office support & other business support act's;5 to 19 Employees;401.0
2013;Office administrative, office support & other business support act's;20+  Employees;76.0
2013;Human health activities;20+  Employees;1285.0
2013;Human health activities;Total;3229.0
2013;Residential care activities;Less than 5 Employees;18.0
2013;Residential care activities;5 to 19 Employees;18.0
2013;Residential care activities;Total;50.0
2013;Creative, arts and entertainment activities;20+  Employees;4.0
2013;Libraries, archives, museums and other cultural activities;Less than 5 Employees;106.0
2013;Libraries, archives, museums and other cultural activities;Total;145.0
2013;Activities of membership organizations;Less than 5 Employees;1148.0
2013;Activities of membership organizations;20+  Employees;129.0
2013;Repair of computers and personal and household goods;Less than 5 Employees;10575.0
2013;Crop and animal production, hunting and related service activities;20+  Employees;366.0
2013;Fishing and aquaculture;20+  Employees;9.0
2013;Fishing and aquaculture;Total;58.0
2013;Mining of coal and lignite;Less than 5 Employees;4.0
2013;Extraction of crude petroleum and natural gas;20+  Employees;49.0
2013;Extraction of crude petroleum and natural gas;Total;67.0
2013;Other mining and quarrying;Total;322.0
2013;Mining support service activities;Less than 5 Employees;15.0
2013;Mining support service activities;5 to 19 Employees;34.0
2013;Mining support service activities;20+  Employees;65.0
2013;Mining support service activities;Total;114.0
2013;Manufacture of food products;Total;11010.0
2013;Manufacture of beverages;Less than 5 Employees;585.0
2013;Manufacture of wearing apparel;Total;30668.0
2013;Manufacture of leather and related products;Less than 5 Employees;89.0
2013;Manufacture of leather and related products;Total;116.0
2013;Manufacture of coke and refined petroleum products;5 to 19 Employees;35.0
2013;Manufacture of coke and refined petroleum products;20+  Employees;39.0
2013;Manufacture of chemicals and chemical products;5 to 19 Employees;512.0
2013;Manufacture of products and preparations pharmaceutical;20+  Employees;38.0
2013;Manufacture of other non-metallic mineral products;5 to 19 Employees;1536.0
2013;Manufacture of basic metals;Less than 5 Employees;101.0
2013;Manufacture of basic metals;Total;475.0
2013;Manufacture of motor vehicles, trailers and semi-trailers;Less than 5 Employees;72.0
2013;Manufacture of motor vehicles, trailers and semi-trailers;5 to 19 Employees;133.0
2013;Manufacture of other transport equipment;Total;39.0
2013;Manufacture of furniture;Less than 5 Employees;6867.0
2013;Manufacture of furniture;20+  Employees;306.0
2013;Manufacture of furniture;Total;9161.0
2013;Repair and installation of machinery and equipment;20+  Employees;152.0
2013;Electricity, gas, steam and air conditioning supply;Total;628.0
2013;Water collection, treatment and supply;5 to 19 Employees;293.0
2013;Water collection, treatment and supply;Total;1703.0
2013;Sewerage;Less than 5 Employees;35.0
2013;Remediation activities and other waste management services;Less than 5 Employees;3.0
2013;Construction of buildings;20+  Employees;2622.0
2013;Construction of buildings;Total;18157.0
2013;Civil engineering;Less than 5 Employees;185.0
2013;Printing and reproduction of recorded media;Less than 5 Employees;730.0
2013;Manufacture of chemicals and chemical products;20+  Employees;384.0
2013;Manufacture of other non-metallic mineral products;20+  Employees;949.0
2013;Manufacture of fabricated metal products;Less than 5 Employees;14191.0
2013;Manufacture of computer, electronic and optical products;5 to 19 Employees;29.0
2013;Manufacture of computer, electronic and optical products;20+  Employees;26.0
2013;Manufacture of machinery and equipment n.e.c.;5 to 19 Employees;109.0
2013;Manufacture of other transport equipment;Less than 5 Employees;22.0
2013;Manufacture of other transport equipment;5 to 19 Employees;9.0
2013;Electricity, gas, steam and air conditioning supply;20+  Employees;184.0
2013;Water collection, treatment and supply;Less than 5 Employees;1312.0
2013;Sewerage;Total;111.0
2013;"Waste collection, treatment & disposal activities; materials recovery";5 to 19 Employees;81.0
2013;Remediation activities and other waste management services;5 to 19 Employees;3.0
2013;Remediation activities and other waste management services;20+  Employees;6.0
2013;Remediation activities and other waste management services;Total;12.0
2013;Crop and animal production, hunting and related service activities;Total;83839.0
2013;Forestry and logging;5 to 19 Employees;26.0
2013;Mining of metal ores;20+  Employees;17.0
2013;Manufacture of food products;Less than 5 Employees;9053.0
2013;Manufacture of tobacco products;5 to 19 Employees;7.0
2013;Manufacture of textiles;Total;2199.0
2013;Manufacture of wearing apparel;20+  Employees;95.0
2013;Manufacture of wood and of products of wood and cork;Less than 5 Employees;3210.0
2013;Manufacture of paper and paper products;20+  Employees;98.0
2013;Manufacture of paper and paper products;Total;269.0
2013;Manufacture of products and preparations pharmaceutical;Total;74.0
2013;Manufacture of rubber and plastics products;Less than 5 Employees;198.0
2013;Specialized construction activities;Total;10858.0
2013;Wholesale & retail trade and repair of motor vehicles & motorcycles;20+  Employees;950.0
2013;Wholesale trade, except of motor vehicles and motorcycles;Total;32042.0
2013;Land transport and transport via pipelines;5 to 19 Employees;1037.0
2013;Land transport and transport via pipelines;Total;2911.0
2013;Accommodation;5 to 19 Employees;3711.0
2013;Food and beverage service activities;Less than 5 Employees;52615.0
2013;Food and beverage service activities;5 to 19 Employees;14950.0
2013;Programming and broadcasting activities;Total;272.0
2013;Telecommunications;Less than 5 Employees;2057.0
2013;Telecommunications;5 to 19 Employees;424.0
2013;Financial service activities, except insurance and pension funding;Total;3951.0
2013;Insurance, reinsurance and pension funding;Total;1011.0
2013;Activities auxiliary to financial service and insurance activities;Less than 5 Employees;133.0
2013;Activities auxiliary to financial service and insurance activities;5 to 19 Employees;247.0
2013;Activities auxiliary to financial service and insurance activities;20+  Employees;20.0
2013;"Architectural and engineering activities; technical testing & analysis";Less than 5 Employees;721.0
2013;"Architectural and engineering activities; technical testing & analysis";5 to 19 Employees;928.0
2013;Scientific research and development;Less than 5 Employees;5.0
2013;Scientific research and development;Total;12.0
2013;Advertising and market research;Total;3060.0
2013;Veterinary activities;5 to 19 Employees;20.0
2013;Veterinary activities;20+  Employees;1.0
2013;Rental and leasing activities;20+  Employees;210.0
2013;Rental and leasing activities;Total;7546.0
2013;Employment activities;5 to 19 Employees;541.0
2013;Employment activities;20+  Employees;55.0
2013;Services to buildings and landscape activities;Total;1365.0
2013;Social work activities without accommodation;Less than 5 Employees;590.0
2013;Repair of computers and personal and household goods;5 to 19 Employees;417.0
2013;Repair of computers and personal and household goods;Total;11064.0
2013;Total;Less than 5 Employees;756589.0
2013;Forestry and logging;Total;542.0
2013;Fishing and aquaculture;Less than 5 Employees;40.0
2013;Mining of metal ores;Total;36.0
2013;Manufacture of beverages;5 to 19 Employees;197.0
2013;Manufacture of wood and of products of wood and cork;Total;4701.0
2013;Manufacture of chemicals and chemical products;Less than 5 Employees;335.0
2013;Manufacture of chemicals and chemical products;Total;1231.0
2013;Manufacture of products and preparations pharmaceutical;Less than 5 Employees;20.0
2013;Manufacture of rubber and plastics products;5 to 19 Employees;273.0
2013;Manufacture of rubber and plastics products;20+  Employees;182.0
2013;Manufacture of fabricated metal products;20+  Employees;559.0
2013;Manufacture of electrical equipment;Less than 5 Employees;271.0
2013;Manufacture of machinery and equipment n.e.c.;20+  Employees;107.0
2013;Manufacture of machinery and equipment n.e.c.;Total;320.0
2013;Water collection, treatment and supply;20+  Employees;98.0
2013;Sewerage;5 to 19 Employees;31.0
2013;Sewerage;20+  Employees;45.0
2013;"Waste collection, treatment & disposal activities; materials recovery";Less than 5 Employees;97.0
2013;"Waste collection, treatment & disposal activities; materials recovery";20+  Employees;48.0
2013;Civil engineering;5 to 19 Employees;398.0
2013;Specialized construction activities;20+  Employees;608.0
2013;Wholesale & retail trade and repair of motor vehicles & motorcycles;Total;88464.0
2013;Land transport and transport via pipelines;Less than 5 Employees;1346.0
2013;Water transport;Less than 5 Employees;58.0
2013;Warehousing and support activities for transportation;Less than 5 Employees;7114.0
2013;Warehousing and support activities for transportation;20+  Employees;617.0
2013;Accommodation;Less than 5 Employees;20430.0
2013;Accommodation;20+  Employees;539.0
2013;Publishing activities;Total;653.0
2013;Motion picture, video & tv programme production, sound recording;5 to 19 Employees;37.0
2013;Programming and broadcasting activities;5 to 19 Employees;27.0
2013;Telecommunications;20+  Employees;173.0
2013;Telecommunications;Total;2654.0
2013;Computer programming, consultancy and related activities;Total;459.0
2013;Information service activities;Less than 5 Employees;197.0
2013;Information service activities;5 to 19 Employees;77.0
2013;"Activities of head offices; management consultancy activities";5 to 19 Employees;144.0
2013;"Activities of head offices; management consultancy activities";20+  Employees;47.0
2013;Other professional, scientific and technical activities;5 to 19 Employees;326.0
2013;Veterinary activities;Total;560.0
2013;Travel agency, tour operator, reservation service & related activities;Less than 5 Employees;1657.0
2013;Travel agency, tour operator, reservation service & related activities;20+  Employees;105.0
2013;Travel agency, tour operator, reservation service & related activities;Total;2558.0
2013;Security and investigation activities;20+  Employees;146.0
2013;Office administrative, office support & other business support act's;Less than 5 Employees;1826.0
2013;Education;Less than 5 Employees;2139.0
2013;Human health activities;Less than 5 Employees;472.0
2013;Social work activities without accommodation;5 to 19 Employees;543.0
2013;Creative, arts and entertainment activities;Less than 5 Employees;174.0
2013;Creative, arts and entertainment activities;5 to 19 Employees;50.0
2013;Creative, arts and entertainment activities;Total;228.0
2013;Sports activities and amusement and recreation activities;20+  Employees;134.0
2013;Activities of membership organizations;5 to 19 Employees;728.0
2013;Other personal service activities;Less than 5 Employees;48660.0
2013;Other personal service activities;Total;51680.0
2013;Total;5 to 19 Employees;119140.0
2013;Total;20+  Employees;23802.0
2012;Manufacture of food products;5 to 19 Employees;1371.0
2012;Manufacture of food products;Total;10607.0
2012;Manufacture of wearing apparel;5 to 19 Employees;1719.0
2012;Manufacture of leather and related products;Less than 5 Employees;85.0
2012;Manufacture of wood and of products of wood and cork;20+  Employees;132.0
2012;Manufacture of rubber and plastics products;20+  Employees;176.0
2012;Manufacture of other non-metallic mineral products;5 to 19 Employees;1496.0
2012;Manufacture of fabricated metal products;Total;18292.0
2012;Manufacture of motor vehicles, trailers and semi-trailers;Total;256.0
2012;Manufacture of other transport equipment;20+  Employees;8.0
2012;Manufacture of furniture;Total;8946.0
2012;Repair and installation of machinery and equipment;Less than 5 Employees;9756.0
2012;Electricity, gas, steam and air conditioning supply;Less than 5 Employees;318.0
2012;Sewerage;Total;108.0
2012;Remediation activities and other waste management services;20+  Employees;5.0
2012;Remediation activities and other waste management services;Total;12.0
2012;Civil engineering;Total;976.0
2012;Wholesale & retail trade and repair of motor vehicles & motorcycles;20+  Employees;911.0
2012;Wholesale trade, except of motor vehicles and motorcycles;Less than 5 Employees;23009.0
2012;Wholesale trade, except of motor vehicles and motorcycles;Total;30408.0
2012;Land transport and transport via pipelines;Less than 5 Employees;1301.0
2012;Accommodation;Less than 5 Employees;19567.0
2012;Accommodation;5 to 19 Employees;3577.0
2012;Food and beverage service activities;Less than 5 Employees;50822.0
2012;Telecommunications;Less than 5 Employees;1958.0
2012;Real estate activities;5 to 19 Employees;1836.0
2012;Legal and accounting activities;Less than 5 Employees;866.0
2012;Legal and accounting activities;Total;1407.0
2012;"Architectural and engineering activities; technical testing & analysis";20+  Employees;242.0
2012;"Architectural and engineering activities; technical testing & analysis";Total;1826.0
2012;Scientific research and development;5 to 19 Employees;2.0
2012;Advertising and market research;Less than 5 Employees;1936.0
2012;Rental and leasing activities;Less than 5 Employees;6070.0
2012;Education;Total;7272.0
2012;Sports activities and amusement and recreation activities;20+  Employees;133.0
2012;Crop and animal production, hunting and related service activities;5 to 19 Employees;3960.0
2012;Crop and animal production, hunting and related service activities;20+  Employees;357.0
2012;Crop and animal production, hunting and related service activities;Total;81894.0
2012;Fishing and aquaculture;Less than 5 Employees;38.0
2012;Mining of coal and lignite;Less than 5 Employees;3.0
2012;Mining of metal ores;Less than 5 Employees;7.0
2012;Other mining and quarrying;20+  Employees;106.0
2012;Manufacture of textiles;20+  Employees;57.0
2012;Manufacture of wood and of products of wood and cork;Less than 5 Employees;3115.0
2012;Manufacture of paper and paper products;5 to 19 Employees;91.0
2012;Printing and reproduction of recorded media;5 to 19 Employees;353.0
2012;Manufacture of computer, electronic and optical products;20+  Employees;25.0
2012;Manufacture of electrical equipment;Less than 5 Employees;257.0
2012;Manufacture of machinery and equipment n.e.c.;5 to 19 Employees;102.0
2012;Manufacture of motor vehicles, trailers and semi-trailers;20+  Employees;62.0
2012;Manufacture of furniture;5 to 19 Employees;1981.0
2012;Repair and installation of machinery and equipment;5 to 19 Employees;529.0
2012;"Waste collection, treatment & disposal activities; materials recovery";20+  Employees;48.0
2012;"Waste collection, treatment & disposal activities; materials recovery";Total;217.0
2012;Construction of buildings;20+  Employees;2462.0
2012;Wholesale & retail trade and repair of motor vehicles & motorcycles;Total;85465.0
2012;Retail trade, except of motor vehicles and motorcycles;Less than 5 Employees;270397.0
2012;Water transport;Total;169.0
2012;Warehousing and support activities for transportation;Total;10370.0
2012;Postal and courier activities;Less than 5 Employees;223.0
2012;Publishing activities;5 to 19 Employees;199.0
2012;Telecommunications;20+  Employees;160.0
2012;Information service activities;Less than 5 Employees;185.0
2012;Financial service activities, except insurance and pension funding;Less than 5 Employees;1351.0
2012;"Activities of head offices; management consultancy activities";5 to 19 Employees;132.0
2012;"Architectural and engineering activities; technical testing & analysis";Less than 5 Employees;692.0
2012;Security and investigation activities;Total;474.0
2012;Services to buildings and landscape activities;Total;1301.0
2012;Social work activities without accommodation;5 to 19 Employees;497.0
2012;Sports activities and amusement and recreation activities;5 to 19 Employees;501.0
2012;Repair of computers and personal and household goods;5 to 19 Employees;381.0
2012;Other personal service activities;Less than 5 Employees;46885.0
2012;Other personal service activities;5 to 19 Employees;2914.0
2012;Other personal service activities;20+  Employees;81.0
2012;Fishing and aquaculture;20+  Employees;8.0
2012;Fishing and aquaculture;Total;55.0
2012;Mining of coal and lignite;5 to 19 Employees;0.0
2012;Extraction of crude petroleum and natural gas;5 to 19 Employees;10.0
2012;Mining of metal ores;20+  Employees;16.0
2012;Manufacture of tobacco products;Less than 5 Employees;55.0
2012;Manufacture of tobacco products;Total;62.0
2012;Manufacture of paper and paper products;Less than 5 Employees;73.0
2012;Printing and reproduction of recorded media;Less than 5 Employees;691.0
2012;Printing and reproduction of recorded media;Total;1191.0
2012;Manufacture of chemicals and chemical products;Less than 5 Employees;325.0
2012;Manufacture of chemicals and chemical products;Total;1177.0
2012;Manufacture of products and preparations pharmaceutical;20+  Employees;36.0
2012;Manufacture of products and preparations pharmaceutical;Total;70.0
2012;Manufacture of rubber and plastics products;Total;638.0
2012;Manufacture of basic metals;Less than 5 Employees;98.0
2012;Manufacture of computer, electronic and optical products;Less than 5 Employees;52.0
2012;Manufacture of electrical equipment;20+  Employees;148.0
2012;Manufacture of electrical equipment;Total;488.0
2012;Manufacture of motor vehicles, trailers and semi-trailers;Less than 5 Employees;69.0
2012;Manufacture of motor vehicles, trailers and semi-trailers;5 to 19 Employees;125.0
2012;Manufacture of other transport equipment;Total;37.0
2012;Manufacture of furniture;20+  Employees;307.0
2012;Repair and installation of machinery and equipment;Total;10431.0
2012;Water collection, treatment and supply;Total;1654.0
2012;Sewerage;5 to 19 Employees;31.0
2012;Remediation activities and other waste management services;Less than 5 Employees;3.0
2012;Construction of buildings;5 to 19 Employees;6422.0
2012;Specialized construction activities;20+  Employees;588.0
2012;Specialized construction activities;Total;10402.0
2012;Wholesale & retail trade and repair of motor vehicles & motorcycles;Less than 5 Employees;70839.0
2012;Wholesale trade, except of motor vehicles and motorcycles;20+  Employees;1194.0
2012;Air transport;Less than 5 Employees;265.0
2012;Postal and courier activities;5 to 19 Employees;76.0
2012;Postal and courier activities;Total;323.0
2012;Food and beverage service activities;20+  Employees;1625.0
2012;Motion picture, video & tv programme production, sound recording;Less than 5 Employees;121.0
2012;Programming and broadcasting activities;Less than 5 Employees;228.0
2012;Programming and broadcasting activities;Total;264.0
2012;Telecommunications;5 to 19 Employees;396.0
2012;Telecommunications;Total;2514.0
2012;Computer programming, consultancy and related activities;Less than 5 Employees;194.0
2012;Computer programming, consultancy and related activities;20+  Employees;63.0
2012;Financial service activities, except insurance and pension funding;20+  Employees;411.0
2012;Financial service activities, except insurance and pension funding;Total;3689.0
2012;Insurance, reinsurance and pension funding;5 to 19 Employees;240.0
2012;Activities auxiliary to financial service and insurance activities;5 to 19 Employees;229.0
2012;Activities auxiliary to financial service and insurance activities;20+  Employees;19.0
2012;Activities auxiliary to financial service and insurance activities;Total;374.0
2012;Real estate activities;Total;27833.0
2012;"Activities of head offices; management consultancy activities";20+  Employees;46.0
2012;Scientific research and development;Less than 5 Employees;4.0
2012;Scientific research and development;Total;10.0
2012;Advertising and market research;20+  Employees;119.0
2012;Advertising and market research;Total;2940.0
2012;Veterinary activities;Total;559.0
2012;Rental and leasing activities;Total;7097.0
2012;Employment activities;Less than 5 Employees;2778.0
2012;Employment activities;Total;3340.0
2012;Security and investigation activities;Less than 5 Employees;175.0
2012;Security and investigation activities;20+  Employees;142.0
2012;Services to buildings and landscape activities;5 to 19 Employees;442.0
2012;Services to buildings and landscape activities;20+  Employees;241.0
2012;Office administrative, office support & other business support act's;5 to 19 Employees;393.0
2012;Social work activities without accommodation;20+  Employees;107.0
2012;Social work activities without accommodation;Total;1165.0
2012;Creative, arts and entertainment activities;Total;216.0
2012;Sports activities and amusement and recreation activities;Less than 5 Employees;1014.0
2012;Forestry and logging;20+  Employees;1.0
2012;Mining of coal and lignite;Total;3.0
2012;Extraction of crude petroleum and natural gas;Less than 5 Employees;7.0
2012;Extraction of crude petroleum and natural gas;Total;64.0
2012;Mining of metal ores;5 to 19 Employees;11.0
2012;Other mining and quarrying;Total;313.0
2012;Mining support service activities;5 to 19 Employees;32.0
2012;Mining support service activities;20+  Employees;63.0
2012;Mining support service activities;Total;109.0
2012;Manufacture of beverages;20+  Employees;104.0
2012;Manufacture of beverages;Total;846.0
2012;Manufacture of tobacco products;5 to 19 Employees;6.0
2012;Manufacture of wearing apparel;Less than 5 Employees;27870.0
2012;Manufacture of leather and related products;5 to 19 Employees;12.0
2012;Manufacture of paper and paper products;20+  Employees;97.0
2012;Printing and reproduction of recorded media;20+  Employees;147.0
2012;Manufacture of coke and refined petroleum products;5 to 19 Employees;32.0
2012;Manufacture of products and preparations pharmaceutical;Less than 5 Employees;18.0
2012;Manufacture of products and preparations pharmaceutical;5 to 19 Employees;16.0
2012;Manufacture of basic metals;5 to 19 Employees;160.0
2012;Manufacture of fabricated metal products;5 to 19 Employees;4202.0
2012;Manufacture of electrical equipment;5 to 19 Employees;83.0
2012;Repair and installation of machinery and equipment;20+  Employees;146.0
2012;Electricity, gas, steam and air conditioning supply;20+  Employees;172.0
2012;Construction of buildings;Total;17246.0
2012;Civil engineering;20+  Employees;413.0
2012;Wholesale & retail trade and repair of motor vehicles & motorcycles;5 to 19 Employees;13715.0
2012;Retail trade, except of motor vehicles and motorcycles;5 to 19 Employees;22407.0
2012;Retail trade, except of motor vehicles and motorcycles;20+  Employees;2309.0
2012;Air transport;5 to 19 Employees;123.0
2012;Warehousing and support activities for transportation;5 to 19 Employees;2914.0
2012;Food and beverage service activities;Total;66895.0
2012;Publishing activities;20+  Employees;55.0
2012;Publishing activities;Total;620.0
2012;Motion picture, video & tv programme production, sound recording;5 to 19 Employees;35.0
2012;Motion picture, video & tv programme production, sound recording;20+  Employees;11.0
2012;Information service activities;5 to 19 Employees;73.0
2012;Insurance, reinsurance and pension funding;Less than 5 Employees;614.0
2012;Activities auxiliary to financial service and insurance activities;Less than 5 Employees;126.0
2012;Real estate activities;20+  Employees;298.0
2012;Legal and accounting activities;20+  Employees;49.0
2012;"Activities of head offices; management consultancy activities";Less than 5 Employees;126.0
2012;"Architectural and engineering activities; technical testing & analysis";5 to 19 Employees;892.0
2012;Scientific research and development;20+  Employees;4.0
2012;Advertising and market research;5 to 19 Employees;885.0
2012;Veterinary activities;20+  Employees;1.0
2012;Rental and leasing activities;20+  Employees;173.0
2012;Travel agency, tour operator, reservation service & related activities;Total;2439.0
2012;Security and investigation activities;5 to 19 Employees;157.0
2012;Office administrative, office support & other business support act's;20+  Employees;77.0
2012;Education;5 to 19 Employees;3106.0
2012;Human health activities;20+  Employees;1238.0
2012;Human health activities;Total;3116.0
2012;Residential care activities;5 to 19 Employees;18.0
2012;Creative, arts and entertainment activities;Less than 5 Employees;164.0
2012;Creative, arts and entertainment activities;5 to 19 Employees;48.0
2012;Libraries, archives, museums and other cultural activities;5 to 19 Employees;28.0
2012;Activities of membership organizations;Less than 5 Employees;1079.0
2012;Activities of membership organizations;Total;1936.0
2012;Total;Less than 5 Employees;727621.0
2012;Total;5 to 19 Employees;114537.0
2012;Total;20+  Employees;22864.0
2012;Activities of membership organizations;20+  Employees;127.0
2012;Repair of computers and personal and household goods;20+  Employees;70.0
2012;Other personal service activities;Total;49880.0
2012;Total;Total;865022.0
2012;Crop and animal production, hunting and related service activities;Less than 5 Employees;77577.0
2012;Forestry and logging;Total;525.0
2012;Fishing and aquaculture;5 to 19 Employees;9.0
2012;Mining of coal and lignite;20+  Employees;0.0
2012;Manufacture of beverages;Less than 5 Employees;560.0
2012;Manufacture of tobacco products;20+  Employees;1.0
2012;Manufacture of textiles;Less than 5 Employees;1814.0
2012;Manufacture of textiles;5 to 19 Employees;247.0
2012;Manufacture of wearing apparel;Total;29684.0
2012;Manufacture of coke and refined petroleum products;20+  Employees;38.0
2012;Manufacture of coke and refined petroleum products;Total;92.0
2012;Manufacture of chemicals and chemical products;5 to 19 Employees;494.0
2012;Manufacture of chemicals and chemical products;20+  Employees;358.0
2012;Manufacture of rubber and plastics products;Less than 5 Employees;194.0
2012;Manufacture of other non-metallic mineral products;20+  Employees;920.0
2012;Manufacture of other non-metallic mineral products;Total;3995.0
2012;Manufacture of basic metals;20+  Employees;200.0
2012;Manufacture of basic metals;Total;458.0
2012;Manufacture of fabricated metal products;Less than 5 Employees;13548.0
2012;Manufacture of fabricated metal products;20+  Employees;542.0
2012;Manufacture of machinery and equipment n.e.c.;Less than 5 Employees;102.0
2012;Manufacture of machinery and equipment n.e.c.;20+  Employees;109.0
2012;Manufacture of other transport equipment;5 to 19 Employees;8.0
2012;Other manufacturing;Less than 5 Employees;303.0
2012;Other manufacturing;20+  Employees;49.0
2012;Electricity, gas, steam and air conditioning supply;5 to 19 Employees;120.0
2012;Electricity, gas, steam and air conditioning supply;Total;610.0
2012;Water collection, treatment and supply;Less than 5 Employees;1277.0
2012;Water collection, treatment and supply;5 to 19 Employees;284.0
2012;"Waste collection, treatment & disposal activities; materials recovery";Less than 5 Employees;95.0
2012;Remediation activities and other waste management services;5 to 19 Employees;4.0
2012;Construction of buildings;Less than 5 Employees;8362.0
2012;Retail trade, except of motor vehicles and motorcycles;Total;295113.0
2012;Land transport and transport via pipelines;20+  Employees;498.0
2012;Air transport;20+  Employees;28.0
2012;Air transport;Total;416.0
2012;Warehousing and support activities for transportation;Less than 5 Employees;6860.0
2012;Postal and courier activities;20+  Employees;24.0
2012;Accommodation;20+  Employees;525.0
2012;Motion picture, video & tv programme production, sound recording;Total;167.0
2012;Computer programming, consultancy and related activities;Total;447.0
2012;Information service activities;20+  Employees;19.0
2012;Financial service activities, except insurance and pension funding;5 to 19 Employees;1927.0
2012;Insurance, reinsurance and pension funding;Total;964.0
2012;Real estate activities;Less than 5 Employees;25699.0
2012;"Activities of head offices; management consultancy activities";Total;304.0
2012;Other professional, scientific and technical activities;5 to 19 Employees;329.0
2012;Other professional, scientific and technical activities;Total;3057.0
2012;Veterinary activities;5 to 19 Employees;20.0
2012;Rental and leasing activities;5 to 19 Employees;854.0
2012;Employment activities;20+  Employees;52.0
2012;Travel agency, tour operator, reservation service & related activities;5 to 19 Employees;750.0
2012;Travel agency, tour operator, reservation service & related activities;20+  Employees;105.0
2012;Office administrative, office support & other business support act's;Total;2196.0
2012;Education;Less than 5 Employees;1981.0
2012;Human health activities;Less than 5 Employees;451.0
2012;Human health activities;5 to 19 Employees;1427.0
2012;Residential care activities;Total;48.0
2012;Creative, arts and entertainment activities;20+  Employees;4.0
2012;Libraries, archives, museums and other cultural activities;Less than 5 Employees;100.0
2012;Libraries, archives, museums and other cultural activities;20+  Employees;9.0
2012;Libraries, archives, museums and other cultural activities;Total;137.0
2012;Sports activities and amusement and recreation activities;Total;1648.0
2012;Forestry and logging;Less than 5 Employees;499.0
2012;Forestry and logging;5 to 19 Employees;25.0
2012;Extraction of crude petroleum and natural gas;20+  Employees;47.0
2012;Mining of metal ores;Total;34.0
2012;Other mining and quarrying;Less than 5 Employees;27.0
2012;Other mining and quarrying;5 to 19 Employees;180.0
2012;Mining support service activities;Less than 5 Employees;14.0
2012;Manufacture of food products;Less than 5 Employees;8717.0
2012;Manufacture of food products;20+  Employees;519.0
2012;Manufacture of beverages;5 to 19 Employees;182.0
2012;Manufacture of textiles;Total;2118.0
2012;Manufacture of wearing apparel;20+  Employees;95.0
2012;Manufacture of leather and related products;20+  Employees;13.0
2012;Manufacture of leather and related products;Total;110.0
2012;Manufacture of wood and of products of wood and cork;5 to 19 Employees;1303.0
2012;Manufacture of wood and of products of wood and cork;Total;4550.0
2012;Manufacture of paper and paper products;Total;261.0
2012;Manufacture of coke and refined petroleum products;Less than 5 Employees;22.0
2012;Manufacture of rubber and plastics products;5 to 19 Employees;268.0
2012;Manufacture of other non-metallic mineral products;Less than 5 Employees;1579.0
2012;Manufacture of computer, electronic and optical products;5 to 19 Employees;27.0
2012;Manufacture of computer, electronic and optical products;Total;104.0
2012;Manufacture of machinery and equipment n.e.c.;Total;313.0
2012;Manufacture of other transport equipment;Less than 5 Employees;21.0
2012;Manufacture of furniture;Less than 5 Employees;6658.0
2012;Other manufacturing;5 to 19 Employees;70.0
2012;Other manufacturing;Total;422.0
2012;Water collection, treatment and supply;20+  Employees;93.0
2012;Sewerage;Less than 5 Employees;33.0
2012;Sewerage;20+  Employees;44.0
2012;"Waste collection, treatment & disposal activities; materials recovery";5 to 19 Employees;74.0
2012;Civil engineering;Less than 5 Employees;178.0
2012;Civil engineering;5 to 19 Employees;385.0
2012;Specialized construction activities;Less than 5 Employees;6912.0
2012;Specialized construction activities;5 to 19 Employees;2902.0
2012;Wholesale trade, except of motor vehicles and motorcycles;5 to 19 Employees;6205.0
2012;Land transport and transport via pipelines;5 to 19 Employees;1015.0
2012;Land transport and transport via pipelines;Total;2814.0
2012;Water transport;Less than 5 Employees;56.0
2012;Water transport;5 to 19 Employees;71.0
2012;Water transport;20+  Employees;42.0
2012;Warehousing and support activities for transportation;20+  Employees;596.0
2012;Accommodation;Total;23669.0
2012;Food and beverage service activities;5 to 19 Employees;14448.0
2012;Publishing activities;Less than 5 Employees;366.0
2012;Programming and broadcasting activities;5 to 19 Employees;27.0
2012;Programming and broadcasting activities;20+  Employees;9.0
2012;Computer programming, consultancy and related activities;5 to 19 Employees;190.0
2012;Information service activities;Total;277.0
2012;Insurance, reinsurance and pension funding;20+  Employees;110.0
2012;Legal and accounting activities;5 to 19 Employees;492.0
2012;Other professional, scientific and technical activities;Less than 5 Employees;2701.0
2012;Other professional, scientific and technical activities;20+  Employees;27.0
2012;Veterinary activities;Less than 5 Employees;538.0
2012;Employment activities;5 to 19 Employees;510.0
2012;Travel agency, tour operator, reservation service & related activities;Less than 5 Employees;1584.0
2012;Services to buildings and landscape activities;Less than 5 Employees;618.0
2012;Office administrative, office support & other business support act's;Less than 5 Employees;1726.0
2012;Education;20+  Employees;2185.0
2012;Residential care activities;Less than 5 Employees;17.0
2012;Residential care activities;20+  Employees;13.0
2012;Social work activities without accommodation;Less than 5 Employees;561.0
2012;Activities of membership organizations;5 to 19 Employees;730.0
2012;Repair of computers and personal and household goods;Less than 5 Employees;10042.0
2012;Repair of computers and personal and household goods;Total;10493.0
2011;Crop and animal production, hunting and related service activities;20+  Employees;349.0
2011;Forestry and logging;5 to 19 Employees;24.0
2011;Mining of metal ores;Less than 5 Employees;7.0
2011;Mining of metal ores;5 to 19 Employees;11.0
2011;Mining support service activities;20+  Employees;59.0
2011;Manufacture of food products;Less than 5 Employees;8365.0
2011;Manufacture of food products;20+  Employees;500.0
2011;Manufacture of tobacco products;Total;59.0
2011;Manufacture of textiles;20+  Employees;53.0
2011;Manufacture of wearing apparel;Less than 5 Employees;26552.0
2011;Manufacture of leather and related products;5 to 19 Employees;11.0
2011;Printing and reproduction of recorded media;Less than 5 Employees;669.0
2011;Manufacture of products and preparations pharmaceutical;Less than 5 Employees;17.0
2011;Manufacture of products and preparations pharmaceutical;Total;66.0
2011;Manufacture of rubber and plastics products;20+  Employees;165.0
2011;Manufacture of computer, electronic and optical products;20+  Employees;24.0
2011;Manufacture of computer, electronic and optical products;Total;98.0
2011;Manufacture of electrical equipment;20+  Employees;139.0
2011;Manufacture of electrical equipment;Total;464.0
2011;Manufacture of machinery and equipment n.e.c.;5 to 19 Employees;100.0
2011;Manufacture of furniture;Less than 5 Employees;6530.0
2011;Manufacture of furniture;20+  Employees;289.0
2011;Other manufacturing;Less than 5 Employees;288.0
2011;Repair and installation of machinery and equipment;5 to 19 Employees;513.0
2011;Electricity, gas, steam and air conditioning supply;5 to 19 Employees;114.0
2011;Water collection, treatment and supply;Total;1581.0
2011;Remediation activities and other waste management services;20+  Employees;5.0
2011;Construction of buildings;Less than 5 Employees;7871.0
2011;Construction of buildings;5 to 19 Employees;6014.0
2011;Civil engineering;5 to 19 Employees;361.0
2011;Specialized construction activities;5 to 19 Employees;2707.0
2011;Specialized construction activities;Total;10040.0
2011;Wholesale & retail trade and repair of motor vehicles & motorcycles;20+  Employees;862.0
2011;Water transport;20+  Employees;39.0
2011;Accommodation;Less than 5 Employees;18193.0
2011;Publishing activities;Less than 5 Employees;346.0
2011;Publishing activities;5 to 19 Employees;191.0
2011;Motion picture, video & tv programme production, sound recording;Less than 5 Employees;117.0
2011;Programming and broadcasting activities;Less than 5 Employees;214.0
2011;Telecommunications;Less than 5 Employees;1844.0
2011;Telecommunications;5 to 19 Employees;371.0
2011;Telecommunications;20+  Employees;147.0
2011;Computer programming, consultancy and related activities;Total;424.0
2011;Information service activities;Less than 5 Employees;179.0
2011;Information service activities;20+  Employees;18.0
2011;Insurance, reinsurance and pension funding;20+  Employees;103.0
2011;Real estate activities;20+  Employees;283.0
2011;Other professional, scientific and technical activities;Less than 5 Employees;2573.0
2011;Veterinary activities;Total;542.0
2011;Travel agency, tour operator, reservation service & related activities;5 to 19 Employees;707.0
2011;Services to buildings and landscape activities;Total;1234.0
2011;Office administrative, office support & other business support act's;Less than 5 Employees;1648.0
2011;Office administrative, office support & other business support act's;20+  Employees;72.0
2011;Office administrative, office support & other business support act's;Total;2089.0
2011;Education;Total;6864.0
2011;Human health activities;Less than 5 Employees;426.0
2011;Residential care activities;Less than 5 Employees;16.0
2011;Residential care activities;5 to 19 Employees;16.0
2011;Residential care activities;20+  Employees;12.0
2011;Social work activities without accommodation;20+  Employees;100.0
2011;Repair of computers and personal and household goods;5 to 19 Employees;358.0
2011;Other personal service activities;5 to 19 Employees;2788.0
2011;Crop and animal production, hunting and related service activities;Less than 5 Employees;76639.0
2011;Crop and animal production, hunting and related service activities;5 to 19 Employees;3844.0
2011;Crop and animal production, hunting and related service activities;Total;80832.0
2011;Forestry and logging;Less than 5 Employees;475.0
2011;Forestry and logging;20+  Employees;1.0
2011;Forestry and logging;Total;500.0
2011;Fishing and aquaculture;5 to 19 Employees;9.0
2011;Fishing and aquaculture;Total;53.0
2011;Mining of coal and lignite;Less than 5 Employees;3.0
2011;Mining of coal and lignite;5 to 19 Employees;0.0
2011;Extraction of crude petroleum and natural gas;Less than 5 Employees;6.0
2011;Extraction of crude petroleum and natural gas;20+  Employees;47.0
2011;Extraction of crude petroleum and natural gas;Total;63.0
2011;Mining of metal ores;20+  Employees;15.0
2011;Other mining and quarrying;Less than 5 Employees;26.0
2011;Other mining and quarrying;Total;299.0
2011;Mining support service activities;5 to 19 Employees;30.0
2011;Manufacture of food products;5 to 19 Employees;1332.0
2011;Manufacture of food products;Total;10197.0
2011;Manufacture of beverages;Total;793.0
2011;Manufacture of tobacco products;20+  Employees;1.0
2011;Manufacture of wearing apparel;5 to 19 Employees;1605.0
2011;Manufacture of wearing apparel;20+  Employees;91.0
2011;Printing and reproduction of recorded media;Total;1147.0
2011;Manufacture of other non-metallic mineral products;20+  Employees;878.0
2011;Manufacture of basic metals;5 to 19 Employees;150.0
2011;Manufacture of fabricated metal products;Less than 5 Employees;12824.0
2011;Manufacture of other transport equipment;Less than 5 Employees;20.0
2011;Manufacture of other transport equipment;5 to 19 Employees;8.0
2011;Manufacture of other transport equipment;20+  Employees;7.0
2011;Repair and installation of machinery and equipment;Less than 5 Employees;9091.0
2011;Repair and installation of machinery and equipment;20+  Employees;141.0
2011;Water collection, treatment and supply;Less than 5 Employees;1222.0
2011;Remediation activities and other waste management services;5 to 19 Employees;4.0
2011;Construction of buildings;Total;16207.0
2011;Civil engineering;Total;928.0
2011;Specialized construction activities;Less than 5 Employees;6779.0
2011;Retail trade, except of motor vehicles and motorcycles;5 to 19 Employees;21503.0
2011;Retail trade, except of motor vehicles and motorcycles;20+  Employees;2192.0
2011;Air transport;20+  Employees;26.0
2011;Warehousing and support activities for transportation;Less than 5 Employees;6473.0
2011;Accommodation;5 to 19 Employees;3457.0
2011;Accommodation;20+  Employees;507.0
2011;Accommodation;Total;22157.0
2011;Food and beverage service activities;Less than 5 Employees;47800.0
2011;Programming and broadcasting activities;5 to 19 Employees;25.0
2011;Programming and broadcasting activities;Total;247.0
2011;Telecommunications;Total;2362.0
2011;Computer programming, consultancy and related activities;Less than 5 Employees;185.0
2011;Information service activities;Total;268.0
2011;Insurance, reinsurance and pension funding;Total;905.0
2011;Activities auxiliary to financial service and insurance activities;5 to 19 Employees;212.0
2011;Legal and accounting activities;Less than 5 Employees;808.0
2011;Legal and accounting activities;5 to 19 Employees;467.0
2011;Legal and accounting activities;20+  Employees;46.0
2011;"Architectural and engineering activities; technical testing & analysis";Total;1741.0
2011;Scientific research and development;5 to 19 Employees;2.0
2011;Scientific research and development;20+  Employees;4.0
2011;Advertising and market research;20+  Employees;112.0
2011;Other professional, scientific and technical activities;5 to 19 Employees;319.0
2011;Veterinary activities;20+  Employees;1.0
2011;Rental and leasing activities;Less than 5 Employees;5735.0
2011;Rental and leasing activities;Total;6722.0
2011;Travel agency, tour operator, reservation service & related activities;Less than 5 Employees;1497.0
2011;Travel agency, tour operator, reservation service & related activities;Total;2302.0
2011;Security and investigation activities;5 to 19 Employees;147.0
2011;Security and investigation activities;Total;443.0
2011;Services to buildings and landscape activities;20+  Employees;235.0
2011;Education;5 to 19 Employees;2991.0
2011;Human health activities;5 to 19 Employees;1326.0
2011;Creative, arts and entertainment activities;Less than 5 Employees;152.0
2011;Libraries, archives, museums and other cultural activities;Less than 5 Employees;95.0
2011;Sports activities and amusement and recreation activities;5 to 19 Employees;477.0
2011;Activities of membership organizations;Less than 5 Employees;1002.0
2011;Activities of membership organizations;5 to 19 Employees;696.0
2011;Activities of membership organizations;20+  Employees;119.0
2011;Total;Total;819471.0
2011;Fishing and aquaculture;Less than 5 Employees;36.0
2011;Mining of coal and lignite;20+  Employees;0.0
2011;Mining of coal and lignite;Total;3.0
2011;Extraction of crude petroleum and natural gas;5 to 19 Employees;10.0
2011;Mining support service activities;Total;101.0
2011;Manufacture of beverages;20+  Employees;97.0
2011;Manufacture of tobacco products;Less than 5 Employees;52.0
2011;Manufacture of textiles;Less than 5 Employees;1681.0
2011;Manufacture of leather and related products;20+  Employees;13.0
2011;Manufacture of leather and related products;Total;103.0
2011;Manufacture of coke and refined petroleum products;Less than 5 Employees;22.0
2011;Manufacture of coke and refined petroleum products;20+  Employees;35.0
2011;Manufacture of chemicals and chemical products;5 to 19 Employees;476.0
2011;Manufacture of chemicals and chemical products;Total;1132.0
2011;Manufacture of rubber and plastics products;Less than 5 Employees;187.0
2011;Manufacture of rubber and plastics products;5 to 19 Employees;252.0
2011;Manufacture of other non-metallic mineral products;Total;3878.0
2011;Manufacture of basic metals;Less than 5 Employees;95.0
2011;Manufacture of basic metals;20+  Employees;191.0
2011;Manufacture of fabricated metal products;5 to 19 Employees;3951.0
2011;Manufacture of computer, electronic and optical products;Less than 5 Employees;49.0
2011;Manufacture of computer, electronic and optical products;5 to 19 Employees;25.0
2011;Manufacture of electrical equipment;Less than 5 Employees;247.0
2011;Manufacture of motor vehicles, trailers and semi-trailers;Less than 5 Employees;64.0
2011;Manufacture of motor vehicles, trailers and semi-trailers;5 to 19 Employees;122.0
2011;Manufacture of motor vehicles, trailers and semi-trailers;Total;245.0
2011;Other manufacturing;20+  Employees;46.0
2011;Sewerage;20+  Employees;42.0
2011;Wholesale & retail trade and repair of motor vehicles & motorcycles;5 to 19 Employees;13359.0
2011;Wholesale trade, except of motor vehicles and motorcycles;5 to 19 Employees;5967.0
2011;Retail trade, except of motor vehicles and motorcycles;Less than 5 Employees;253869.0
2011;Retail trade, except of motor vehicles and motorcycles;Total;277564.0
2011;Land transport and transport via pipelines;5 to 19 Employees;961.0
2011;Land transport and transport via pipelines;Total;2666.0
2011;Water transport;Less than 5 Employees;53.0
2011;Air transport;Total;403.0
2011;Warehousing and support activities for transportation;20+  Employees;571.0
2011;Postal and courier activities;Total;303.0
2011;Food and beverage service activities;20+  Employees;1534.0
2011;Financial service activities, except insurance and pension funding;20+  Employees;384.0
2011;Activities auxiliary to financial service and insurance activities;Less than 5 Employees;118.0
2011;Real estate activities;Less than 5 Employees;23815.0
2011;"Architectural and engineering activities; technical testing & analysis";5 to 19 Employees;858.0
2011;Scientific research and development;Total;10.0
2011;Advertising and market research;Less than 5 Employees;1837.0
2011;Advertising and market research;5 to 19 Employees;816.0
2011;Other professional, scientific and technical activities;Total;2918.0
2011;Veterinary activities;Less than 5 Employees;522.0
2011;Veterinary activities;5 to 19 Employees;19.0
2011;Rental and leasing activities;20+  Employees;167.0
2011;Employment activities;Less than 5 Employees;2620.0
2011;Employment activities;5 to 19 Employees;472.0
2011;Employment activities;20+  Employees;50.0
2011;Security and investigation activities;Less than 5 Employees;165.0
2011;Education;20+  Employees;2051.0
2011;Social work activities without accommodation;Total;1096.0
2011;Creative, arts and entertainment activities;20+  Employees;4.0
2011;Creative, arts and entertainment activities;Total;201.0
2011;Sports activities and amusement and recreation activities;Total;1568.0
2011;Activities of membership organizations;Total;1817.0
2011;Repair of computers and personal and household goods;Total;9784.0
2011;Other personal service activities;20+  Employees;77.0
2011;Other personal service activities;Total;47111.0
2011;Total;Less than 5 Employees;688091.0
2011;Fishing and aquaculture;20+  Employees;8.0
2011;Mining of metal ores;Total;33.0
2011;Other mining and quarrying;20+  Employees;102.0
2011;Manufacture of beverages;5 to 19 Employees;176.0
2011;Manufacture of tobacco products;5 to 19 Employees;6.0
2011;Manufacture of textiles;5 to 19 Employees;232.0
2011;Manufacture of textiles;Total;1966.0
2011;Manufacture of wood and of products of wood and cork;Less than 5 Employees;3043.0
2011;Manufacture of wood and of products of wood and cork;5 to 19 Employees;1252.0
2011;Manufacture of wood and of products of wood and cork;20+  Employees;126.0
2011;Manufacture of wood and of products of wood and cork;Total;4421.0
2011;Manufacture of paper and paper products;Less than 5 Employees;69.0
2011;Manufacture of paper and paper products;5 to 19 Employees;84.0
2011;Manufacture of paper and paper products;20+  Employees;93.0
2011;Printing and reproduction of recorded media;5 to 19 Employees;337.0
2011;Printing and reproduction of recorded media;20+  Employees;141.0
2011;Manufacture of coke and refined petroleum products;Total;89.0
2011;Manufacture of chemicals and chemical products;Less than 5 Employees;314.0
2011;Manufacture of chemicals and chemical products;20+  Employees;342.0
2011;Manufacture of products and preparations pharmaceutical;20+  Employees;34.0
2011;Manufacture of other non-metallic mineral products;Less than 5 Employees;1548.0
2011;Manufacture of fabricated metal products;20+  Employees;515.0
2011;Manufacture of fabricated metal products;Total;17290.0
2011;Manufacture of electrical equipment;5 to 19 Employees;78.0
2011;Manufacture of other transport equipment;Total;35.0
2011;Manufacture of furniture;5 to 19 Employees;1901.0
2011;Other manufacturing;Total;399.0
2011;Electricity, gas, steam and air conditioning supply;Less than 5 Employees;306.0
2011;Electricity, gas, steam and air conditioning supply;20+  Employees;163.0
2011;"Waste collection, treatment & disposal activities; materials recovery";20+  Employees;45.0
2011;Construction of buildings;20+  Employees;2322.0
2011;Civil engineering;Less than 5 Employees;170.0
2011;Wholesale & retail trade and repair of motor vehicles & motorcycles;Less than 5 Employees;66263.0
2011;Wholesale trade, except of motor vehicles and motorcycles;Less than 5 Employees;21589.0
2011;Wholesale trade, except of motor vehicles and motorcycles;Total;28688.0
2011;Land transport and transport via pipelines;Less than 5 Employees;1236.0
2011;Land transport and transport via pipelines;20+  Employees;469.0
2011;Water transport;5 to 19 Employees;68.0
2011;Air transport;5 to 19 Employees;118.0
2011;Postal and courier activities;Less than 5 Employees;209.0
2011;Postal and courier activities;5 to 19 Employees;72.0
2011;Food and beverage service activities;5 to 19 Employees;14065.0
2011;Food and beverage service activities;Total;63399.0
2011;Publishing activities;20+  Employees;52.0
2011;Publishing activities;Total;589.0
2011;Motion picture, video & tv programme production, sound recording;20+  Employees;10.0
2011;Motion picture, video & tv programme production, sound recording;Total;160.0
2011;Computer programming, consultancy and related activities;5 to 19 Employees;179.0
2011;Computer programming, consultancy and related activities;20+  Employees;60.0
2011;Information service activities;5 to 19 Employees;71.0
2011;Financial service activities, except insurance and pension funding;Less than 5 Employees;1260.0
2011;Financial service activities, except insurance and pension funding;Total;3475.0
2011;Insurance, reinsurance and pension funding;Less than 5 Employees;577.0
2011;Insurance, reinsurance and pension funding;5 to 19 Employees;225.0
2011;Activities auxiliary to financial service and insurance activities;20+  Employees;18.0
2011;Activities auxiliary to financial service and insurance activities;Total;348.0
2011;Legal and accounting activities;Total;1321.0
2011;"Activities of head offices; management consultancy activities";5 to 19 Employees;123.0
2011;"Activities of head offices; management consultancy activities";20+  Employees;44.0
2011;"Architectural and engineering activities; technical testing & analysis";20+  Employees;230.0
2011;Advertising and market research;Total;2765.0
2011;Other professional, scientific and technical activities;20+  Employees;26.0
2011;Rental and leasing activities;5 to 19 Employees;820.0
2011;Employment activities;Total;3142.0
2011;Travel agency, tour operator, reservation service & related activities;20+  Employees;98.0
2011;Services to buildings and landscape activities;5 to 19 Employees;408.0
2011;Human health activities;20+  Employees;1158.0
2011;Human health activities;Total;2910.0
2011;Creative, arts and entertainment activities;5 to 19 Employees;45.0
2011;Libraries, archives, museums and other cultural activities;20+  Employees;8.0
2011;Repair of computers and personal and household goods;Less than 5 Employees;9359.0
2011;Other personal service activities;Less than 5 Employees;44246.0
2011;Total;5 to 19 Employees;109723.0
2011;Total;20+  Employees;21657.0
2011;Other mining and quarrying;5 to 19 Employees;171.0
2011;Mining support service activities;Less than 5 Employees;12.0
2011;Manufacture of beverages;Less than 5 Employees;520.0
2011;Manufacture of wearing apparel;Total;28248.0
2011;Manufacture of leather and related products;Less than 5 Employees;79.0
2011;Manufacture of paper and paper products;Total;246.0
2011;Manufacture of coke and refined petroleum products;5 to 19 Employees;32.0
2011;Manufacture of products and preparations pharmaceutical;5 to 19 Employees;15.0
2011;Manufacture of rubber and plastics products;Total;604.0
2011;Manufacture of other non-metallic mineral products;5 to 19 Employees;1452.0
2011;Manufacture of basic metals;Total;436.0
2011;Manufacture of machinery and equipment n.e.c.;Less than 5 Employees;99.0
2011;Manufacture of machinery and equipment n.e.c.;20+  Employees;103.0
2011;Manufacture of machinery and equipment n.e.c.;Total;302.0
2011;Manufacture of motor vehicles, trailers and semi-trailers;20+  Employees;59.0
2011;Manufacture of furniture;Total;8720.0
2011;Other manufacturing;5 to 19 Employees;65.0
2011;Repair and installation of machinery and equipment;Total;9745.0
2011;Electricity, gas, steam and air conditioning supply;Total;583.0
2011;Water collection, treatment and supply;5 to 19 Employees;271.0
2011;Water collection, treatment and supply;20+  Employees;88.0
2011;Sewerage;Less than 5 Employees;31.0
2011;Sewerage;5 to 19 Employees;29.0
2011;Sewerage;Total;102.0
2011;"Waste collection, treatment & disposal activities; materials recovery";Less than 5 Employees;92.0
2011;"Waste collection, treatment & disposal activities; materials recovery";5 to 19 Employees;69.0
2011;"Waste collection, treatment & disposal activities; materials recovery";Total;206.0
2011;Remediation activities and other waste management services;Less than 5 Employees;3.0
2011;Remediation activities and other waste management services;Total;12.0
2011;Civil engineering;20+  Employees;397.0
2011;Specialized construction activities;20+  Employees;554.0
2011;Wholesale & retail trade and repair of motor vehicles & motorcycles;Total;80484.0
2011;Wholesale trade, except of motor vehicles and motorcycles;20+  Employees;1132.0
2011;Water transport;Total;160.0
2011;Air transport;Less than 5 Employees;259.0
2011;Warehousing and support activities for transportation;5 to 19 Employees;2734.0
2011;Warehousing and support activities for transportation;Total;9778.0
2011;Postal and courier activities;20+  Employees;22.0
2011;Motion picture, video & tv programme production, sound recording;5 to 19 Employees;33.0
2011;Programming and broadcasting activities;20+  Employees;8.0
2011;Financial service activities, except insurance and pension funding;5 to 19 Employees;1831.0
2011;Real estate activities;5 to 19 Employees;1725.0
2011;Real estate activities;Total;25823.0
2011;"Activities of head offices; management consultancy activities";Less than 5 Employees;121.0
2011;"Activities of head offices; management consultancy activities";Total;288.0
2011;"Architectural and engineering activities; technical testing & analysis";Less than 5 Employees;653.0
2011;Scientific research and development;Less than 5 Employees;4.0
2011;Security and investigation activities;20+  Employees;131.0
2011;Services to buildings and landscape activities;Less than 5 Employees;591.0
2011;Office administrative, office support & other business support act's;5 to 19 Employees;369.0
2011;Education;Less than 5 Employees;1822.0
2011;Residential care activities;Total;44.0
2011;Social work activities without accommodation;Less than 5 Employees;534.0
2011;Social work activities without accommodation;5 to 19 Employees;462.0
2011;Libraries, archives, museums and other cultural activities;5 to 19 Employees;27.0
2011;Libraries, archives, museums and other cultural activities;Total;130.0
2011;Sports activities and amusement and recreation activities;Less than 5 Employees;963.0
2011;Sports activities and amusement and recreation activities;20+  Employees;128.0
2011;Repair of computers and personal and household goods;20+  Employees;67.0
2010;Crop and animal production, hunting and related service activities;Less than 5 Employees;75329.0
2010;Crop and animal production, hunting and related service activities;5 to 19 Employees;3974.0
2010;Crop and animal production, hunting and related service activities;20+  Employees;343.0
2010;Forestry and logging;Less than 5 Employees;474.0
2010;Forestry and logging;5 to 19 Employees;23.0
2010;Fishing and aquaculture;5 to 19 Employees;8.0
2010;Extraction of crude petroleum and natural gas;20+  Employees;47.0
2010;Mining support service activities;Less than 5 Employees;12.0
2010;Manufacture of food products;Less than 5 Employees;8065.0
2010;Manufacture of beverages;5 to 19 Employees;176.0
2010;Manufacture of beverages;20+  Employees;92.0
2010;Manufacture of tobacco products;Less than 5 Employees;52.0
2010;Manufacture of tobacco products;5 to 19 Employees;6.0
2010;Manufacture of wearing apparel;Less than 5 Employees;26069.0
2010;Manufacture of wearing apparel;5 to 19 Employees;1527.0
2010;Manufacture of leather and related products;Less than 5 Employees;79.0
2010;Manufacture of leather and related products;Total;102.0
2010;Manufacture of wood and of products of wood and cork;Total;4279.0
2010;Manufacture of paper and paper products;Less than 5 Employees;68.0
2010;Printing and reproduction of recorded media;Less than 5 Employees;617.0
2010;Manufacture of coke and refined petroleum products;20+  Employees;32.0
2010;Manufacture of products and preparations pharmaceutical;20+  Employees;33.0
2010;Manufacture of rubber and plastics products;Total;586.0
2010;Manufacture of basic metals;Total;426.0
2010;Manufacture of computer, electronic and optical products;Less than 5 Employees;49.0
2010;Manufacture of electrical equipment;Total;437.0
2010;Manufacture of furniture;5 to 19 Employees;1771.0
2010;Electricity, gas, steam and air conditioning supply;20+  Employees;158.0
2010;Water collection, treatment and supply;Less than 5 Employees;1220.0
2010;Remediation activities and other waste management services;Less than 5 Employees;3.0
2010;Remediation activities and other waste management services;20+  Employees;5.0
2010;Construction of buildings;5 to 19 Employees;5891.0
2010;Civil engineering;5 to 19 Employees;350.0
2010;Civil engineering;20+  Employees;384.0
2010;Wholesale & retail trade and repair of motor vehicles & motorcycles;20+  Employees;831.0
2010;Retail trade, except of motor vehicles and motorcycles;Less than 5 Employees;252993.0
2010;Retail trade, except of motor vehicles and motorcycles;5 to 19 Employees;21243.0
2010;Retail trade, except of motor vehicles and motorcycles;20+  Employees;2118.0
2010;Water transport;Total;154.0
2010;Warehousing and support activities for transportation;Total;9655.0
2010;Postal and courier activities;5 to 19 Employees;72.0
2010;Food and beverage service activities;20+  Employees;1454.0
2010;Publishing activities;20+  Employees;50.0
2010;Telecommunications;5 to 19 Employees;358.0
2010;Computer programming, consultancy and related activities;20+  Employees;59.0
2010;Financial service activities, except insurance and pension funding;Less than 5 Employees;1165.0
2010;Insurance, reinsurance and pension funding;Less than 5 Employees;566.0
2010;Legal and accounting activities;5 to 19 Employees;422.0
2010;Scientific research and development;5 to 19 Employees;2.0
2010;Scientific research and development;20+  Employees;4.0
2010;Other professional, scientific and technical activities;Total;2787.0
2010;Employment activities;5 to 19 Employees;461.0
2010;Travel agency, tour operator, reservation service & related activities;Less than 5 Employees;1458.0
2010;Travel agency, tour operator, reservation service & related activities;20+  Employees;91.0
2010;Travel agency, tour operator, reservation service & related activities;Total;2241.0
2010;Security and investigation activities;5 to 19 Employees;149.0
2010;Education;Less than 5 Employees;1718.0
2010;Human health activities;5 to 19 Employees;1290.0
2010;Human health activities;20+  Employees;1129.0
2010;Social work activities without accommodation;5 to 19 Employees;457.0
2010;Social work activities without accommodation;20+  Employees;94.0
2010;Creative, arts and entertainment activities;20+  Employees;4.0
2010;Sports activities and amusement and recreation activities;5 to 19 Employees;437.0
2010;Repair of computers and personal and household goods;20+  Employees;65.0
2010;Other personal service activities;20+  Employees;74.0
2010;Other personal service activities;Total;45954.0
2010;Specialized construction activities;5 to 19 Employees;2701.0
2010;Specialized construction activities;20+  Employees;541.0
2010;Wholesale & retail trade and repair of motor vehicles & motorcycles;Less than 5 Employees;66100.0
2010;Water transport;20+  Employees;38.0
2010;Air transport;Less than 5 Employees;256.0
2010;Warehousing and support activities for transportation;20+  Employees;552.0
2010;Postal and courier activities;20+  Employees;22.0
2010;Accommodation;5 to 19 Employees;3438.0
2010;Food and beverage service activities;Less than 5 Employees;47647.0
2010;Food and beverage service activities;5 to 19 Employees;14035.0
2010;Publishing activities;Less than 5 Employees;321.0
2010;Publishing activities;Total;554.0
2010;Motion picture, video & tv programme production, sound recording;5 to 19 Employees;33.0
2010;Programming and broadcasting activities;Total;245.0
2010;Telecommunications;Less than 5 Employees;1816.0
2010;Telecommunications;Total;2318.0
2010;Computer programming, consultancy and related activities;5 to 19 Employees;168.0
2010;Computer programming, consultancy and related activities;Total;409.0
2010;Information service activities;5 to 19 Employees;69.0
2010;Financial service activities, except insurance and pension funding;5 to 19 Employees;1788.0
2010;Financial service activities, except insurance and pension funding;20+  Employees;364.0
2010;Activities auxiliary to financial service and insurance activities;Less than 5 Employees;117.0
2010;Real estate activities;Less than 5 Employees;21895.0
2010;"Activities of head offices; management consultancy activities";5 to 19 Employees;122.0
2010;"Architectural and engineering activities; technical testing & analysis";Total;1735.0
2010;Advertising and market research;5 to 19 Employees;799.0
2010;Advertising and market research;Total;2709.0
2010;Other professional, scientific and technical activities;20+  Employees;25.0
2010;Rental and leasing activities;Total;6384.0
2010;Employment activities;Less than 5 Employees;2499.0
2010;Office administrative, office support & other business support act's;Less than 5 Employees;1552.0
2010;Education;20+  Employees;1973.0
2010;Education;Total;6650.0
2010;Residential care activities;5 to 19 Employees;15.0
2010;Creative, arts and entertainment activities;Total;194.0
2010;Libraries, archives, museums and other cultural activities;Less than 5 Employees;92.0
2010;Libraries, archives, museums and other cultural activities;20+  Employees;8.0
2010;Libraries, archives, museums and other cultural activities;Total;127.0
2010;Sports activities and amusement and recreation activities;Less than 5 Employees;946.0
2010;Crop and animal production, hunting and related service activities;Total;79646.0
2010;Forestry and logging;20+  Employees;1.0
2010;Mining of coal and lignite;5 to 19 Employees;0.0
2010;Mining of coal and lignite;20+  Employees;0.0
2010;Extraction of crude petroleum and natural gas;Less than 5 Employees;6.0
2010;Extraction of crude petroleum and natural gas;Total;63.0
2010;Manufacture of tobacco products;Total;59.0
2010;Manufacture of wearing apparel;20+  Employees;87.0
2010;Manufacture of wood and of products of wood and cork;Less than 5 Employees;2909.0
2010;Manufacture of paper and paper products;5 to 19 Employees;82.0
2010;Manufacture of paper and paper products;20+  Employees;88.0
2010;Printing and reproduction of recorded media;5 to 19 Employees;338.0
2010;Manufacture of chemicals and chemical products;20+  Employees;337.0
2010;Manufacture of products and preparations pharmaceutical;5 to 19 Employees;15.0
2010;Manufacture of rubber and plastics products;5 to 19 Employees;242.0
2010;Manufacture of rubber and plastics products;20+  Employees;157.0
2010;Manufacture of basic metals;20+  Employees;187.0
2010;Manufacture of electrical equipment;Less than 5 Employees;232.0
2010;Manufacture of electrical equipment;20+  Employees;132.0
2010;Manufacture of machinery and equipment n.e.c.;Less than 5 Employees;99.0
2010;Other manufacturing;5 to 19 Employees;61.0
2010;Repair and installation of machinery and equipment;5 to 19 Employees;517.0
2010;Water collection, treatment and supply;5 to 19 Employees;265.0
2010;Water collection, treatment and supply;Total;1570.0
2010;"Waste collection, treatment & disposal activities; materials recovery";Less than 5 Employees;92.0
2010;Remediation activities and other waste management services;Total;11.0
2010;Construction of buildings;Less than 5 Employees;7697.0
2010;Construction of buildings;Total;15880.0
2010;Civil engineering;Total;903.0
2010;Wholesale trade, except of motor vehicles and motorcycles;20+  Employees;1093.0
2010;Wholesale trade, except of motor vehicles and motorcycles;Total;27473.0
2010;Land transport and transport via pipelines;Less than 5 Employees;1235.0
2010;Air transport;20+  Employees;25.0
2010;Accommodation;Less than 5 Employees;17909.0
2010;Accommodation;20+  Employees;495.0
2010;Motion picture, video & tv programme production, sound recording;20+  Employees;10.0
2010;Programming and broadcasting activities;Less than 5 Employees;213.0
2010;Information service activities;Total;255.0
2010;Insurance, reinsurance and pension funding;5 to 19 Employees;212.0
2010;Insurance, reinsurance and pension funding;Total;879.0
2010;Activities auxiliary to financial service and insurance activities;5 to 19 Employees;212.0
2010;Real estate activities;20+  Employees;270.0
2010;Real estate activities;Total;23809.0
2010;Legal and accounting activities;Less than 5 Employees;780.0
2010;Legal and accounting activities;20+  Employees;46.0
2010;Legal and accounting activities;Total;1248.0
2010;"Activities of head offices; management consultancy activities";Total;285.0
2010;"Architectural and engineering activities; technical testing & analysis";5 to 19 Employees;854.0
2010;"Architectural and engineering activities; technical testing & analysis";20+  Employees;226.0
2010;Advertising and market research;20+  Employees;110.0
2010;Veterinary activities;5 to 19 Employees;18.0
2010;Veterinary activities;20+  Employees;1.0
2010;Employment activities;20+  Employees;49.0
2010;Security and investigation activities;20+  Employees;122.0
2010;Services to buildings and landscape activities;5 to 19 Employees;399.0
2010;Office administrative, office support & other business support act's;5 to 19 Employees;344.0
2010;Human health activities;Total;2835.0
2010;Residential care activities;Less than 5 Employees;16.0
2010;Residential care activities;20+  Employees;12.0
2010;Creative, arts and entertainment activities;5 to 19 Employees;43.0
2010;Sports activities and amusement and recreation activities;20+  Employees;121.0
2010;Activities of membership organizations;5 to 19 Employees;647.0
2010;Activities of membership organizations;20+  Employees;111.0
2010;Other personal service activities;Less than 5 Employees;43302.0
2010;Total;5 to 19 Employees;108016.0
2010;Total;20+  Employees;20970.0
2010;Mining of coal and lignite;Less than 5 Employees;3.0
2010;Mining of coal and lignite;Total;3.0
2010;Extraction of crude petroleum and natural gas;5 to 19 Employees;10.0
2010;Mining of metal ores;Total;33.0
2010;Other mining and quarrying;Less than 5 Employees;25.0
2010;Mining support service activities;Total;99.0
2010;Manufacture of beverages;Less than 5 Employees;513.0
2010;Manufacture of beverages;Total;781.0
2010;Manufacture of tobacco products;20+  Employees;1.0
2010;Manufacture of wearing apparel;Total;27683.0
2010;Manufacture of wood and of products of wood and cork;5 to 19 Employees;1252.0
2010;Manufacture of paper and paper products;Total;238.0
2010;Printing and reproduction of recorded media;20+  Employees;135.0
2010;Manufacture of coke and refined petroleum products;Less than 5 Employees;13.0
2010;Manufacture of coke and refined petroleum products;Total;76.0
2010;Manufacture of chemicals and chemical products;Total;1119.0
2010;Manufacture of other non-metallic mineral products;5 to 19 Employees;1425.0
2010;Manufacture of other non-metallic mineral products;Total;3775.0
2010;Manufacture of fabricated metal products;20+  Employees;506.0
2010;Manufacture of computer, electronic and optical products;5 to 19 Employees;25.0
2010;Manufacture of computer, electronic and optical products;20+  Employees;22.0
2010;Manufacture of motor vehicles, trailers and semi-trailers;Less than 5 Employees;64.0
2010;Manufacture of motor vehicles, trailers and semi-trailers;5 to 19 Employees;123.0
2010;Manufacture of other transport equipment;Less than 5 Employees;20.0
2010;Manufacture of other transport equipment;Total;35.0
2010;Manufacture of furniture;Less than 5 Employees;6301.0
2010;Other manufacturing;20+  Employees;44.0
2010;Electricity, gas, steam and air conditioning supply;5 to 19 Employees;108.0
2010;Sewerage;Less than 5 Employees;31.0
2010;Sewerage;5 to 19 Employees;28.0
2010;Sewerage;20+  Employees;41.0
2010;Fishing and aquaculture;Total;52.0
2010;Mining of metal ores;Less than 5 Employees;7.0
2010;Mining of metal ores;5 to 19 Employees;11.0
2010;Other mining and quarrying;5 to 19 Employees;169.0
2010;Other mining and quarrying;20+  Employees;102.0
2010;Mining support service activities;5 to 19 Employees;30.0
2010;Mining support service activities;20+  Employees;57.0
2010;Manufacture of food products;5 to 19 Employees;1333.0
2010;Manufacture of textiles;Less than 5 Employees;1662.0
2010;Manufacture of textiles;5 to 19 Employees;217.0
2010;Manufacture of textiles;Total;1931.0
2010;Manufacture of leather and related products;5 to 19 Employees;11.0
2010;Manufacture of leather and related products;20+  Employees;12.0
2010;Printing and reproduction of recorded media;Total;1090.0
2010;Manufacture of coke and refined petroleum products;5 to 19 Employees;31.0
2010;Manufacture of chemicals and chemical products;5 to 19 Employees;474.0
2010;Manufacture of products and preparations pharmaceutical;Less than 5 Employees;17.0
2010;Manufacture of products and preparations pharmaceutical;Total;65.0
2010;Manufacture of rubber and plastics products;Less than 5 Employees;187.0
2010;Manufacture of other non-metallic mineral products;Less than 5 Employees;1496.0
2010;Manufacture of computer, electronic and optical products;Total;96.0
2010;Manufacture of machinery and equipment n.e.c.;5 to 19 Employees;102.0
2010;Manufacture of other transport equipment;20+  Employees;7.0
2010;Other manufacturing;Less than 5 Employees;287.0
2010;Repair and installation of machinery and equipment;Less than 5 Employees;8949.0
2010;"Waste collection, treatment & disposal activities; materials recovery";20+  Employees;43.0
2010;Specialized construction activities;Less than 5 Employees;6450.0
2010;Wholesale & retail trade and repair of motor vehicles & motorcycles;Total;80133.0
2010;Wholesale trade, except of motor vehicles and motorcycles;Less than 5 Employees;20532.0
2010;Wholesale trade, except of motor vehicles and motorcycles;5 to 19 Employees;5848.0
2010;Retail trade, except of motor vehicles and motorcycles;Total;276354.0
2010;Water transport;Less than 5 Employees;53.0
2010;Water transport;5 to 19 Employees;63.0
2010;Air transport;5 to 19 Employees;111.0
2010;Air transport;Total;392.0
2010;Warehousing and support activities for transportation;5 to 19 Employees;2696.0
2010;Postal and courier activities;Less than 5 Employees;208.0
2010;Postal and courier activities;Total;302.0
2010;Accommodation;Total;21842.0
2010;Food and beverage service activities;Total;63136.0
2010;Publishing activities;5 to 19 Employees;183.0
2010;Motion picture, video & tv programme production, sound recording;Total;160.0
2010;Programming and broadcasting activities;5 to 19 Employees;24.0
2010;Programming and broadcasting activities;20+  Employees;8.0
2010;Insurance, reinsurance and pension funding;20+  Employees;101.0
2010;"Activities of head offices; management consultancy activities";Less than 5 Employees;122.0
2010;"Activities of head offices; management consultancy activities";20+  Employees;41.0
2010;"Architectural and engineering activities; technical testing & analysis";Less than 5 Employees;655.0
2010;Advertising and market research;Less than 5 Employees;1800.0
2010;Other professional, scientific and technical activities;Less than 5 Employees;2459.0
2010;Veterinary activities;Less than 5 Employees;545.0
2010;Veterinary activities;Total;564.0
2010;Rental and leasing activities;Less than 5 Employees;5433.0
2010;Rental and leasing activities;5 to 19 Employees;791.0
2010;Employment activities;Total;3009.0
2010;Services to buildings and landscape activities;Total;1210.0
2010;Office administrative, office support & other business support act's;20+  Employees;67.0
2010;Office administrative, office support & other business support act's;Total;1963.0
2010;Human health activities;Less than 5 Employees;416.0
2010;Social work activities without accommodation;Total;1082.0
2010;Creative, arts and entertainment activities;Less than 5 Employees;147.0
2010;Sports activities and amusement and recreation activities;Total;1504.0
2010;Activities of membership organizations;Less than 5 Employees;986.0
2010;Activities of membership organizations;Total;1744.0
2010;Repair of computers and personal and household goods;Total;9395.0
2010;Total;Less than 5 Employees;677387.0
2010;Manufacture of other non-metallic mineral products;20+  Employees;854.0
2010;Repair and installation of machinery and equipment;20+  Employees;137.0
2010;Water collection, treatment and supply;20+  Employees;85.0
2010;Sewerage;Total;100.0
2010;Forestry and logging;Total;498.0
2010;Fishing and aquaculture;Less than 5 Employees;36.0
2010;Fishing and aquaculture;20+  Employees;8.0
2010;Mining of metal ores;20+  Employees;15.0
2010;Other mining and quarrying;Total;296.0
2010;Manufacture of food products;20+  Employees;492.0
2010;Manufacture of food products;Total;9890.0
2010;Manufacture of textiles;20+  Employees;52.0
2010;Manufacture of wood and of products of wood and cork;20+  Employees;118.0
2010;Manufacture of chemicals and chemical products;Less than 5 Employees;308.0
2010;Manufacture of basic metals;Less than 5 Employees;95.0
2010;Manufacture of basic metals;5 to 19 Employees;144.0
2010;Manufacture of fabricated metal products;Less than 5 Employees;12281.0
2010;Manufacture of fabricated metal products;5 to 19 Employees;3913.0
2010;Manufacture of fabricated metal products;Total;16700.0
2010;Manufacture of electrical equipment;5 to 19 Employees;73.0
2010;Manufacture of machinery and equipment n.e.c.;20+  Employees;95.0
2010;Manufacture of machinery and equipment n.e.c.;Total;296.0
2010;Manufacture of motor vehicles, trailers and semi-trailers;20+  Employees;56.0
2010;Manufacture of motor vehicles, trailers and semi-trailers;Total;243.0
2010;Manufacture of other transport equipment;5 to 19 Employees;8.0
2010;Manufacture of furniture;20+  Employees;273.0
2010;Manufacture of furniture;Total;8345.0
2010;Other manufacturing;Total;392.0
2010;Repair and installation of machinery and equipment;Total;9603.0
2010;Electricity, gas, steam and air conditioning supply;Less than 5 Employees;331.0
2010;Electricity, gas, steam and air conditioning supply;Total;597.0
2010;"Waste collection, treatment & disposal activities; materials recovery";5 to 19 Employees;71.0
2010;"Waste collection, treatment & disposal activities; materials recovery";Total;206.0
2010;Remediation activities and other waste management services;5 to 19 Employees;3.0
2010;Construction of buildings;20+  Employees;2292.0
2010;Civil engineering;Less than 5 Employees;169.0
2010;Wholesale & retail trade and repair of motor vehicles & motorcycles;5 to 19 Employees;13202.0
2010;Land transport and transport via pipelines;20+  Employees;466.0
2010;Warehousing and support activities for transportation;Less than 5 Employees;6407.0
2010;Motion picture, video & tv programme production, sound recording;Less than 5 Employees;117.0
2010;Computer programming, consultancy and related activities;Less than 5 Employees;182.0
2010;Libraries, archives, museums and other cultural activities;5 to 19 Employees;27.0
2010;Other personal service activities;5 to 19 Employees;2578.0
2010;Specialized construction activities;Total;9692.0
2010;Land transport and transport via pipelines;5 to 19 Employees;935.0
2010;Land transport and transport via pipelines;Total;2636.0
2010;Telecommunications;20+  Employees;144.0
2010;Information service activities;Less than 5 Employees;168.0
2010;Information service activities;20+  Employees;18.0
2010;Financial service activities, except insurance and pension funding;Total;3317.0
2010;Activities auxiliary to financial service and insurance activities;20+  Employees;17.0
2010;Activities auxiliary to financial service and insurance activities;Total;346.0
2010;Real estate activities;5 to 19 Employees;1644.0
2010;Scientific research and development;Less than 5 Employees;4.0
2010;Scientific research and development;Total;10.0
2010;Other professional, scientific and technical activities;5 to 19 Employees;303.0
2010;Rental and leasing activities;20+  Employees;160.0
2010;Travel agency, tour operator, reservation service & related activities;5 to 19 Employees;692.0
2010;Security and investigation activities;Less than 5 Employees;164.0
2010;Security and investigation activities;Total;435.0
2010;Services to buildings and landscape activities;Less than 5 Employees;580.0
2010;Services to buildings and landscape activities;20+  Employees;231.0
2010;Education;5 to 19 Employees;2959.0
2010;Residential care activities;Total;43.0
2010;Social work activities without accommodation;Less than 5 Employees;531.0
2010;Repair of computers and personal and household goods;Less than 5 Employees;8965.0
2010;Repair of computers and personal and household goods;5 to 19 Employees;365.0
2010;Total;Total;806373.0
